fName,lName,age,occupation,skills,city,street,house,collectionName
fName1,lName1,24,Engineer1,Skilled1,City1,Street1,1,MongoFB1
fName2,lName2,25,Engineer2,Skilled2,City2,Street2,2,MongoFB2
fName3,lName3,26,Engineer3,Skilled3,City3,Street3,3,MongoFB3
fName4,lName4,27,Engineer4,Skilled4,City4,Street4,4,MongoFB4
fName5,lName5,28,Engineer5,Skilled5,City5,Street5,5,MongoFB5
fName6,lName6,29,Engineer6,Skilled6,City6,Street6,6,MongoFB6
fName7,lName7,30,Engineer7,Skilled7,City7,Street7,7,MongoFB7
fName8,lName8,31,Engineer8,Skilled8,City8,Street8,8,MongoFB8
fName9,lName9,32,Engineer9,Skilled9,City9,Street9,9,MongoFB9
fName10,lName10,33,Engineer10,Skilled10,City10,Street10,10,MongoFB10
fName11,lName11,34,Engineer11,Skilled11,City11,Street11,11,MongoFB1
fName12,lName12,35,Engineer12,Skilled12,City12,Street12,12,MongoFB2
fName13,lName13,36,Engineer13,Skilled13,City13,Street13,13,MongoFB3
fName14,lName14,37,Engineer14,Skilled14,City14,Street14,14,MongoFB4
fName15,lName15,38,Engineer15,Skilled15,City15,Street15,15,MongoFB5
fName16,lName16,39,Engineer16,Skilled16,City16,Street16,16,MongoFB6
fName17,lName17,40,Engineer17,Skilled17,City17,Street17,17,MongoFB7
fName18,lName18,41,Engineer18,Skilled18,City18,Street18,18,MongoFB8
fName19,lName19,42,Engineer19,Skilled19,City19,Street19,19,MongoFB9
fName20,lName20,43,Engineer20,Skilled20,City20,Street20,20,MongoFB10
fName21,lName21,44,Engineer21,Skilled21,City21,Street21,21,MongoFB1
fName22,lName22,45,Engineer22,Skilled22,City22,Street22,22,MongoFB2
fName23,lName23,46,Engineer23,Skilled23,City23,Street23,23,MongoFB3
fName24,lName24,47,Engineer24,Skilled24,City24,Street24,24,MongoFB4
fName25,lName25,48,Engineer25,Skilled25,City25,Street25,25,MongoFB5
fName26,lName26,49,Engineer26,Skilled26,City26,Street26,26,MongoFB6
fName27,lName27,50,Engineer27,Skilled27,City27,Street27,27,MongoFB7
fName28,lName28,51,Engineer28,Skilled28,City28,Street28,28,MongoFB8
fName29,lName29,52,Engineer29,Skilled29,City29,Street29,29,MongoFB9
fName30,lName30,53,Engineer30,Skilled30,City30,Street30,30,MongoFB10
fName31,lName31,54,Engineer31,Skilled31,City31,Street31,31,MongoFB1
fName32,lName32,55,Engineer32,Skilled32,City32,Street32,32,MongoFB2
fName33,lName33,56,Engineer33,Skilled33,City33,Street33,33,MongoFB3
fName34,lName34,57,Engineer34,Skilled34,City34,Street34,34,MongoFB4
fName35,lName35,58,Engineer35,Skilled35,City35,Street35,35,MongoFB5
fName36,lName36,59,Engineer36,Skilled36,City36,Street36,36,MongoFB6
fName37,lName37,60,Engineer37,Skilled37,City37,Street37,37,MongoFB7
fName38,lName38,61,Engineer38,Skilled38,City38,Street38,38,MongoFB8
fName39,lName39,62,Engineer39,Skilled39,City39,Street39,39,MongoFB9
fName40,lName40,63,Engineer40,Skilled40,City40,Street40,40,MongoFB10
fName41,lName41,64,Engineer41,Skilled41,City41,Street41,41,MongoFB1
fName42,lName42,65,Engineer42,Skilled42,City42,Street42,42,MongoFB2
fName43,lName43,66,Engineer43,Skilled43,City43,Street43,43,MongoFB3
fName44,lName44,67,Engineer44,Skilled44,City44,Street44,44,MongoFB4
fName45,lName45,68,Engineer45,Skilled45,City45,Street45,45,MongoFB5
fName46,lName46,69,Engineer46,Skilled46,City46,Street46,46,MongoFB6
fName47,lName47,70,Engineer47,Skilled47,City47,Street47,47,MongoFB7
fName48,lName48,71,Engineer48,Skilled48,City48,Street48,48,MongoFB8
fName49,lName49,72,Engineer49,Skilled49,City49,Street49,49,MongoFB9
fName50,lName50,73,Engineer50,Skilled50,City50,Street50,50,MongoFB10
fName51,lName51,74,Engineer51,Skilled51,City51,Street51,51,MongoFB1
fName52,lName52,75,Engineer52,Skilled52,City52,Street52,52,MongoFB2
fName53,lName53,76,Engineer53,Skilled53,City53,Street53,53,MongoFB3
fName54,lName54,77,Engineer54,Skilled54,City54,Street54,54,MongoFB4
fName55,lName55,78,Engineer55,Skilled55,City55,Street55,55,MongoFB5
fName56,lName56,79,Engineer56,Skilled56,City56,Street56,56,MongoFB6
fName57,lName57,80,Engineer57,Skilled57,City57,Street57,57,MongoFB7
fName58,lName58,81,Engineer58,Skilled58,City58,Street58,58,MongoFB8
fName59,lName59,82,Engineer59,Skilled59,City59,Street59,59,MongoFB9
fName60,lName60,83,Engineer60,Skilled60,City60,Street60,60,MongoFB10
fName61,lName61,84,Engineer61,Skilled61,City61,Street61,61,MongoFB1
fName62,lName62,85,Engineer62,Skilled62,City62,Street62,62,MongoFB2
fName63,lName63,86,Engineer63,Skilled63,City63,Street63,63,MongoFB3
fName64,lName64,87,Engineer64,Skilled64,City64,Street64,64,MongoFB4
fName65,lName65,88,Engineer65,Skilled65,City65,Street65,65,MongoFB5
fName66,lName66,89,Engineer66,Skilled66,City66,Street66,66,MongoFB6
fName67,lName67,90,Engineer67,Skilled67,City67,Street67,67,MongoFB7
fName68,lName68,91,Engineer68,Skilled68,City68,Street68,68,MongoFB8
fName69,lName69,92,Engineer69,Skilled69,City69,Street69,69,MongoFB9
fName70,lName70,93,Engineer70,Skilled70,City70,Street70,70,MongoFB10
fName71,lName71,94,Engineer71,Skilled71,City71,Street71,71,MongoFB1
fName72,lName72,95,Engineer72,Skilled72,City72,Street72,72,MongoFB2
fName73,lName73,96,Engineer73,Skilled73,City73,Street73,73,MongoFB3
fName74,lName74,97,Engineer74,Skilled74,City74,Street74,74,MongoFB4
fName75,lName75,98,Engineer75,Skilled75,City75,Street75,75,MongoFB5
fName76,lName76,99,Engineer76,Skilled76,City76,Street76,76,MongoFB6
fName77,lName77,100,Engineer77,Skilled77,City77,Street77,77,MongoFB7
fName78,lName78,101,Engineer78,Skilled78,City78,Street78,78,MongoFB8
fName79,lName79,102,Engineer79,Skilled79,City79,Street79,79,MongoFB9
fName80,lName80,103,Engineer80,Skilled80,City80,Street80,80,MongoFB10
fName81,lName81,104,Engineer81,Skilled81,City81,Street81,81,MongoFB1
fName82,lName82,105,Engineer82,Skilled82,City82,Street82,82,MongoFB2
fName83,lName83,106,Engineer83,Skilled83,City83,Street83,83,MongoFB3
fName84,lName84,107,Engineer84,Skilled84,City84,Street84,84,MongoFB4
fName85,lName85,108,Engineer85,Skilled85,City85,Street85,85,MongoFB5
fName86,lName86,109,Engineer86,Skilled86,City86,Street86,86,MongoFB6
fName87,lName87,110,Engineer87,Skilled87,City87,Street87,87,MongoFB7
fName88,lName88,111,Engineer88,Skilled88,City88,Street88,88,MongoFB8
fName89,lName89,112,Engineer89,Skilled89,City89,Street89,89,MongoFB9
fName90,lName90,113,Engineer90,Skilled90,City90,Street90,90,MongoFB10
fName91,lName91,114,Engineer91,Skilled91,City91,Street91,91,MongoFB1
fName92,lName92,115,Engineer92,Skilled92,City92,Street92,92,MongoFB2
fName93,lName93,116,Engineer93,Skilled93,City93,Street93,93,MongoFB3
fName94,lName94,117,Engineer94,Skilled94,City94,Street94,94,MongoFB4
fName95,lName95,118,Engineer95,Skilled95,City95,Street95,95,MongoFB5
fName96,lName96,119,Engineer96,Skilled96,City96,Street96,96,MongoFB6
fName97,lName97,120,Engineer97,Skilled97,City97,Street97,97,MongoFB7
fName98,lName98,121,Engineer98,Skilled98,City98,Street98,98,MongoFB8
fName99,lName99,122,Engineer99,Skilled99,City99,Street99,99,MongoFB9
fName100,lName100,123,Engineer100,Skilled100,City100,Street100,100,MongoFB10
fName101,lName101,124,Engineer101,Skilled101,City101,Street101,101,MongoFB1
fName102,lName102,125,Engineer102,Skilled102,City102,Street102,102,MongoFB2
fName103,lName103,126,Engineer103,Skilled103,City103,Street103,103,MongoFB3
fName104,lName104,127,Engineer104,Skilled104,City104,Street104,104,MongoFB4
fName105,lName105,128,Engineer105,Skilled105,City105,Street105,105,MongoFB5
fName106,lName106,129,Engineer106,Skilled106,City106,Street106,106,MongoFB6
fName107,lName107,130,Engineer107,Skilled107,City107,Street107,107,MongoFB7
fName108,lName108,131,Engineer108,Skilled108,City108,Street108,108,MongoFB8
fName109,lName109,132,Engineer109,Skilled109,City109,Street109,109,MongoFB9
fName110,lName110,133,Engineer110,Skilled110,City110,Street110,110,MongoFB10
fName111,lName111,134,Engineer111,Skilled111,City111,Street111,111,MongoFB1
fName112,lName112,135,Engineer112,Skilled112,City112,Street112,112,MongoFB2
fName113,lName113,136,Engineer113,Skilled113,City113,Street113,113,MongoFB3
fName114,lName114,137,Engineer114,Skilled114,City114,Street114,114,MongoFB4
fName115,lName115,138,Engineer115,Skilled115,City115,Street115,115,MongoFB5
fName116,lName116,139,Engineer116,Skilled116,City116,Street116,116,MongoFB6
fName117,lName117,140,Engineer117,Skilled117,City117,Street117,117,MongoFB7
fName118,lName118,141,Engineer118,Skilled118,City118,Street118,118,MongoFB8
fName119,lName119,142,Engineer119,Skilled119,City119,Street119,119,MongoFB9
fName120,lName120,143,Engineer120,Skilled120,City120,Street120,120,MongoFB10
fName121,lName121,144,Engineer121,Skilled121,City121,Street121,121,MongoFB1
fName122,lName122,145,Engineer122,Skilled122,City122,Street122,122,MongoFB2
fName123,lName123,146,Engineer123,Skilled123,City123,Street123,123,MongoFB3
fName124,lName124,147,Engineer124,Skilled124,City124,Street124,124,MongoFB4
fName125,lName125,148,Engineer125,Skilled125,City125,Street125,125,MongoFB5
fName126,lName126,149,Engineer126,Skilled126,City126,Street126,126,MongoFB6
fName127,lName127,150,Engineer127,Skilled127,City127,Street127,127,MongoFB7
fName128,lName128,151,Engineer128,Skilled128,City128,Street128,128,MongoFB8
fName129,lName129,152,Engineer129,Skilled129,City129,Street129,129,MongoFB9
fName130,lName130,153,Engineer130,Skilled130,City130,Street130,130,MongoFB10
fName131,lName131,154,Engineer131,Skilled131,City131,Street131,131,MongoFB1
fName132,lName132,155,Engineer132,Skilled132,City132,Street132,132,MongoFB2
fName133,lName133,156,Engineer133,Skilled133,City133,Street133,133,MongoFB3
fName134,lName134,157,Engineer134,Skilled134,City134,Street134,134,MongoFB4
fName135,lName135,158,Engineer135,Skilled135,City135,Street135,135,MongoFB5
fName136,lName136,159,Engineer136,Skilled136,City136,Street136,136,MongoFB6
fName137,lName137,160,Engineer137,Skilled137,City137,Street137,137,MongoFB7
fName138,lName138,161,Engineer138,Skilled138,City138,Street138,138,MongoFB8
fName139,lName139,162,Engineer139,Skilled139,City139,Street139,139,MongoFB9
fName140,lName140,163,Engineer140,Skilled140,City140,Street140,140,MongoFB10
fName141,lName141,164,Engineer141,Skilled141,City141,Street141,141,MongoFB1
fName142,lName142,165,Engineer142,Skilled142,City142,Street142,142,MongoFB2
fName143,lName143,166,Engineer143,Skilled143,City143,Street143,143,MongoFB3
fName144,lName144,167,Engineer144,Skilled144,City144,Street144,144,MongoFB4
fName145,lName145,168,Engineer145,Skilled145,City145,Street145,145,MongoFB5
fName146,lName146,169,Engineer146,Skilled146,City146,Street146,146,MongoFB6
fName147,lName147,170,Engineer147,Skilled147,City147,Street147,147,MongoFB7
fName148,lName148,171,Engineer148,Skilled148,City148,Street148,148,MongoFB8
fName149,lName149,172,Engineer149,Skilled149,City149,Street149,149,MongoFB9
fName150,lName150,173,Engineer150,Skilled150,City150,Street150,150,MongoFB10
fName151,lName151,174,Engineer151,Skilled151,City151,Street151,151,MongoFB1
fName152,lName152,175,Engineer152,Skilled152,City152,Street152,152,MongoFB2
fName153,lName153,176,Engineer153,Skilled153,City153,Street153,153,MongoFB3
fName154,lName154,177,Engineer154,Skilled154,City154,Street154,154,MongoFB4
fName155,lName155,178,Engineer155,Skilled155,City155,Street155,155,MongoFB5
fName156,lName156,179,Engineer156,Skilled156,City156,Street156,156,MongoFB6
fName157,lName157,180,Engineer157,Skilled157,City157,Street157,157,MongoFB7
fName158,lName158,181,Engineer158,Skilled158,City158,Street158,158,MongoFB8
fName159,lName159,182,Engineer159,Skilled159,City159,Street159,159,MongoFB9
fName160,lName160,183,Engineer160,Skilled160,City160,Street160,160,MongoFB10
fName161,lName161,184,Engineer161,Skilled161,City161,Street161,161,MongoFB1
fName162,lName162,185,Engineer162,Skilled162,City162,Street162,162,MongoFB2
fName163,lName163,186,Engineer163,Skilled163,City163,Street163,163,MongoFB3
fName164,lName164,187,Engineer164,Skilled164,City164,Street164,164,MongoFB4
fName165,lName165,188,Engineer165,Skilled165,City165,Street165,165,MongoFB5
fName166,lName166,189,Engineer166,Skilled166,City166,Street166,166,MongoFB6
fName167,lName167,190,Engineer167,Skilled167,City167,Street167,167,MongoFB7
fName168,lName168,191,Engineer168,Skilled168,City168,Street168,168,MongoFB8
fName169,lName169,192,Engineer169,Skilled169,City169,Street169,169,MongoFB9
fName170,lName170,193,Engineer170,Skilled170,City170,Street170,170,MongoFB10
fName171,lName171,194,Engineer171,Skilled171,City171,Street171,171,MongoFB1
fName172,lName172,195,Engineer172,Skilled172,City172,Street172,172,MongoFB2
fName173,lName173,196,Engineer173,Skilled173,City173,Street173,173,MongoFB3
fName174,lName174,197,Engineer174,Skilled174,City174,Street174,174,MongoFB4
fName175,lName175,198,Engineer175,Skilled175,City175,Street175,175,MongoFB5
fName176,lName176,199,Engineer176,Skilled176,City176,Street176,176,MongoFB6
fName177,lName177,200,Engineer177,Skilled177,City177,Street177,177,MongoFB7
fName178,lName178,201,Engineer178,Skilled178,City178,Street178,178,MongoFB8
fName179,lName179,202,Engineer179,Skilled179,City179,Street179,179,MongoFB9
fName180,lName180,203,Engineer180,Skilled180,City180,Street180,180,MongoFB10
fName181,lName181,204,Engineer181,Skilled181,City181,Street181,181,MongoFB1
fName182,lName182,205,Engineer182,Skilled182,City182,Street182,182,MongoFB2
fName183,lName183,206,Engineer183,Skilled183,City183,Street183,183,MongoFB3
fName184,lName184,207,Engineer184,Skilled184,City184,Street184,184,MongoFB4
fName185,lName185,208,Engineer185,Skilled185,City185,Street185,185,MongoFB5
fName186,lName186,209,Engineer186,Skilled186,City186,Street186,186,MongoFB6
fName187,lName187,210,Engineer187,Skilled187,City187,Street187,187,MongoFB7
fName188,lName188,211,Engineer188,Skilled188,City188,Street188,188,MongoFB8
fName189,lName189,212,Engineer189,Skilled189,City189,Street189,189,MongoFB9
fName190,lName190,213,Engineer190,Skilled190,City190,Street190,190,MongoFB10
fName191,lName191,214,Engineer191,Skilled191,City191,Street191,191,MongoFB1
fName192,lName192,215,Engineer192,Skilled192,City192,Street192,192,MongoFB2
fName193,lName193,216,Engineer193,Skilled193,City193,Street193,193,MongoFB3
fName194,lName194,217,Engineer194,Skilled194,City194,Street194,194,MongoFB4
fName195,lName195,218,Engineer195,Skilled195,City195,Street195,195,MongoFB5
fName196,lName196,219,Engineer196,Skilled196,City196,Street196,196,MongoFB6
fName197,lName197,220,Engineer197,Skilled197,City197,Street197,197,MongoFB7
fName198,lName198,221,Engineer198,Skilled198,City198,Street198,198,MongoFB8
fName199,lName199,222,Engineer199,Skilled199,City199,Street199,199,MongoFB9
fName200,lName200,223,Engineer200,Skilled200,City200,Street200,200,MongoFB10
fName201,lName201,224,Engineer201,Skilled201,City201,Street201,201,MongoFB1
fName202,lName202,225,Engineer202,Skilled202,City202,Street202,202,MongoFB2
fName203,lName203,226,Engineer203,Skilled203,City203,Street203,203,MongoFB3
fName204,lName204,227,Engineer204,Skilled204,City204,Street204,204,MongoFB4
fName205,lName205,228,Engineer205,Skilled205,City205,Street205,205,MongoFB5
fName206,lName206,229,Engineer206,Skilled206,City206,Street206,206,MongoFB6
fName207,lName207,230,Engineer207,Skilled207,City207,Street207,207,MongoFB7
fName208,lName208,231,Engineer208,Skilled208,City208,Street208,208,MongoFB8
fName209,lName209,232,Engineer209,Skilled209,City209,Street209,209,MongoFB9
fName210,lName210,233,Engineer210,Skilled210,City210,Street210,210,MongoFB10
fName211,lName211,234,Engineer211,Skilled211,City211,Street211,211,MongoFB1
fName212,lName212,235,Engineer212,Skilled212,City212,Street212,212,MongoFB2
fName213,lName213,236,Engineer213,Skilled213,City213,Street213,213,MongoFB3
fName214,lName214,237,Engineer214,Skilled214,City214,Street214,214,MongoFB4
fName215,lName215,238,Engineer215,Skilled215,City215,Street215,215,MongoFB5
fName216,lName216,239,Engineer216,Skilled216,City216,Street216,216,MongoFB6
fName217,lName217,240,Engineer217,Skilled217,City217,Street217,217,MongoFB7
fName218,lName218,241,Engineer218,Skilled218,City218,Street218,218,MongoFB8
fName219,lName219,242,Engineer219,Skilled219,City219,Street219,219,MongoFB9
fName220,lName220,243,Engineer220,Skilled220,City220,Street220,220,MongoFB10
fName221,lName221,244,Engineer221,Skilled221,City221,Street221,221,MongoFB1
fName222,lName222,245,Engineer222,Skilled222,City222,Street222,222,MongoFB2
fName223,lName223,246,Engineer223,Skilled223,City223,Street223,223,MongoFB3
fName224,lName224,247,Engineer224,Skilled224,City224,Street224,224,MongoFB4
fName225,lName225,248,Engineer225,Skilled225,City225,Street225,225,MongoFB5
fName226,lName226,249,Engineer226,Skilled226,City226,Street226,226,MongoFB6
fName227,lName227,250,Engineer227,Skilled227,City227,Street227,227,MongoFB7
fName228,lName228,251,Engineer228,Skilled228,City228,Street228,228,MongoFB8
fName229,lName229,252,Engineer229,Skilled229,City229,Street229,229,MongoFB9
fName230,lName230,253,Engineer230,Skilled230,City230,Street230,230,MongoFB10
fName231,lName231,254,Engineer231,Skilled231,City231,Street231,231,MongoFB1
fName232,lName232,255,Engineer232,Skilled232,City232,Street232,232,MongoFB2
fName233,lName233,256,Engineer233,Skilled233,City233,Street233,233,MongoFB3
fName234,lName234,257,Engineer234,Skilled234,City234,Street234,234,MongoFB4
fName235,lName235,258,Engineer235,Skilled235,City235,Street235,235,MongoFB5
fName236,lName236,259,Engineer236,Skilled236,City236,Street236,236,MongoFB6
fName237,lName237,260,Engineer237,Skilled237,City237,Street237,237,MongoFB7
fName238,lName238,261,Engineer238,Skilled238,City238,Street238,238,MongoFB8
fName239,lName239,262,Engineer239,Skilled239,City239,Street239,239,MongoFB9
fName240,lName240,263,Engineer240,Skilled240,City240,Street240,240,MongoFB10
fName241,lName241,264,Engineer241,Skilled241,City241,Street241,241,MongoFB1
fName242,lName242,265,Engineer242,Skilled242,City242,Street242,242,MongoFB2
fName243,lName243,266,Engineer243,Skilled243,City243,Street243,243,MongoFB3
fName244,lName244,267,Engineer244,Skilled244,City244,Street244,244,MongoFB4
fName245,lName245,268,Engineer245,Skilled245,City245,Street245,245,MongoFB5
fName246,lName246,269,Engineer246,Skilled246,City246,Street246,246,MongoFB6
fName247,lName247,270,Engineer247,Skilled247,City247,Street247,247,MongoFB7
fName248,lName248,271,Engineer248,Skilled248,City248,Street248,248,MongoFB8
fName249,lName249,272,Engineer249,Skilled249,City249,Street249,249,MongoFB9
fName250,lName250,273,Engineer250,Skilled250,City250,Street250,250,MongoFB10
fName251,lName251,274,Engineer251,Skilled251,City251,Street251,251,MongoFB1
fName252,lName252,275,Engineer252,Skilled252,City252,Street252,252,MongoFB2
fName253,lName253,276,Engineer253,Skilled253,City253,Street253,253,MongoFB3
fName254,lName254,277,Engineer254,Skilled254,City254,Street254,254,MongoFB4
fName255,lName255,278,Engineer255,Skilled255,City255,Street255,255,MongoFB5
fName256,lName256,279,Engineer256,Skilled256,City256,Street256,256,MongoFB6
fName257,lName257,280,Engineer257,Skilled257,City257,Street257,257,MongoFB7
fName258,lName258,281,Engineer258,Skilled258,City258,Street258,258,MongoFB8
fName259,lName259,282,Engineer259,Skilled259,City259,Street259,259,MongoFB9
fName260,lName260,283,Engineer260,Skilled260,City260,Street260,260,MongoFB10
fName261,lName261,284,Engineer261,Skilled261,City261,Street261,261,MongoFB1
fName262,lName262,285,Engineer262,Skilled262,City262,Street262,262,MongoFB2
fName263,lName263,286,Engineer263,Skilled263,City263,Street263,263,MongoFB3
fName264,lName264,287,Engineer264,Skilled264,City264,Street264,264,MongoFB4
fName265,lName265,288,Engineer265,Skilled265,City265,Street265,265,MongoFB5
fName266,lName266,289,Engineer266,Skilled266,City266,Street266,266,MongoFB6
fName267,lName267,290,Engineer267,Skilled267,City267,Street267,267,MongoFB7
fName268,lName268,291,Engineer268,Skilled268,City268,Street268,268,MongoFB8
fName269,lName269,292,Engineer269,Skilled269,City269,Street269,269,MongoFB9
fName270,lName270,293,Engineer270,Skilled270,City270,Street270,270,MongoFB10
fName271,lName271,294,Engineer271,Skilled271,City271,Street271,271,MongoFB1
fName272,lName272,295,Engineer272,Skilled272,City272,Street272,272,MongoFB2
fName273,lName273,296,Engineer273,Skilled273,City273,Street273,273,MongoFB3
fName274,lName274,297,Engineer274,Skilled274,City274,Street274,274,MongoFB4
fName275,lName275,298,Engineer275,Skilled275,City275,Street275,275,MongoFB5
fName276,lName276,299,Engineer276,Skilled276,City276,Street276,276,MongoFB6
fName277,lName277,300,Engineer277,Skilled277,City277,Street277,277,MongoFB7
fName278,lName278,301,Engineer278,Skilled278,City278,Street278,278,MongoFB8
fName279,lName279,302,Engineer279,Skilled279,City279,Street279,279,MongoFB9
fName280,lName280,303,Engineer280,Skilled280,City280,Street280,280,MongoFB10
fName281,lName281,304,Engineer281,Skilled281,City281,Street281,281,MongoFB1
fName282,lName282,305,Engineer282,Skilled282,City282,Street282,282,MongoFB2
fName283,lName283,306,Engineer283,Skilled283,City283,Street283,283,MongoFB3
fName284,lName284,307,Engineer284,Skilled284,City284,Street284,284,MongoFB4
fName285,lName285,308,Engineer285,Skilled285,City285,Street285,285,MongoFB5
fName286,lName286,309,Engineer286,Skilled286,City286,Street286,286,MongoFB6
fName287,lName287,310,Engineer287,Skilled287,City287,Street287,287,MongoFB7
fName288,lName288,311,Engineer288,Skilled288,City288,Street288,288,MongoFB8
fName289,lName289,312,Engineer289,Skilled289,City289,Street289,289,MongoFB9
fName290,lName290,313,Engineer290,Skilled290,City290,Street290,290,MongoFB10
fName291,lName291,314,Engineer291,Skilled291,City291,Street291,291,MongoFB1
fName292,lName292,315,Engineer292,Skilled292,City292,Street292,292,MongoFB2
fName293,lName293,316,Engineer293,Skilled293,City293,Street293,293,MongoFB3
fName294,lName294,317,Engineer294,Skilled294,City294,Street294,294,MongoFB4
fName295,lName295,318,Engineer295,Skilled295,City295,Street295,295,MongoFB5
fName296,lName296,319,Engineer296,Skilled296,City296,Street296,296,MongoFB6
fName297,lName297,320,Engineer297,Skilled297,City297,Street297,297,MongoFB7
fName298,lName298,321,Engineer298,Skilled298,City298,Street298,298,MongoFB8
fName299,lName299,322,Engineer299,Skilled299,City299,Street299,299,MongoFB9
fName300,lName300,323,Engineer300,Skilled300,City300,Street300,300,MongoFB10
fName301,lName301,324,Engineer301,Skilled301,City301,Street301,301,MongoFB1
fName302,lName302,325,Engineer302,Skilled302,City302,Street302,302,MongoFB2
fName303,lName303,326,Engineer303,Skilled303,City303,Street303,303,MongoFB3
fName304,lName304,327,Engineer304,Skilled304,City304,Street304,304,MongoFB4
fName305,lName305,328,Engineer305,Skilled305,City305,Street305,305,MongoFB5
fName306,lName306,329,Engineer306,Skilled306,City306,Street306,306,MongoFB6
fName307,lName307,330,Engineer307,Skilled307,City307,Street307,307,MongoFB7
fName308,lName308,331,Engineer308,Skilled308,City308,Street308,308,MongoFB8
fName309,lName309,332,Engineer309,Skilled309,City309,Street309,309,MongoFB9
fName310,lName310,333,Engineer310,Skilled310,City310,Street310,310,MongoFB10
fName311,lName311,334,Engineer311,Skilled311,City311,Street311,311,MongoFB1
fName312,lName312,335,Engineer312,Skilled312,City312,Street312,312,MongoFB2
fName313,lName313,336,Engineer313,Skilled313,City313,Street313,313,MongoFB3
fName314,lName314,337,Engineer314,Skilled314,City314,Street314,314,MongoFB4
fName315,lName315,338,Engineer315,Skilled315,City315,Street315,315,MongoFB5
fName316,lName316,339,Engineer316,Skilled316,City316,Street316,316,MongoFB6
fName317,lName317,340,Engineer317,Skilled317,City317,Street317,317,MongoFB7
fName318,lName318,341,Engineer318,Skilled318,City318,Street318,318,MongoFB8
fName319,lName319,342,Engineer319,Skilled319,City319,Street319,319,MongoFB9
fName320,lName320,343,Engineer320,Skilled320,City320,Street320,320,MongoFB10
fName321,lName321,344,Engineer321,Skilled321,City321,Street321,321,MongoFB1
fName322,lName322,345,Engineer322,Skilled322,City322,Street322,322,MongoFB2
fName323,lName323,346,Engineer323,Skilled323,City323,Street323,323,MongoFB3
fName324,lName324,347,Engineer324,Skilled324,City324,Street324,324,MongoFB4
fName325,lName325,348,Engineer325,Skilled325,City325,Street325,325,MongoFB5
fName326,lName326,349,Engineer326,Skilled326,City326,Street326,326,MongoFB6
fName327,lName327,350,Engineer327,Skilled327,City327,Street327,327,MongoFB7
fName328,lName328,351,Engineer328,Skilled328,City328,Street328,328,MongoFB8
fName329,lName329,352,Engineer329,Skilled329,City329,Street329,329,MongoFB9
fName330,lName330,353,Engineer330,Skilled330,City330,Street330,330,MongoFB10
fName331,lName331,354,Engineer331,Skilled331,City331,Street331,331,MongoFB1
fName332,lName332,355,Engineer332,Skilled332,City332,Street332,332,MongoFB2
fName333,lName333,356,Engineer333,Skilled333,City333,Street333,333,MongoFB3
fName334,lName334,357,Engineer334,Skilled334,City334,Street334,334,MongoFB4
fName335,lName335,358,Engineer335,Skilled335,City335,Street335,335,MongoFB5
fName336,lName336,359,Engineer336,Skilled336,City336,Street336,336,MongoFB6
fName337,lName337,360,Engineer337,Skilled337,City337,Street337,337,MongoFB7
fName338,lName338,361,Engineer338,Skilled338,City338,Street338,338,MongoFB8
fName339,lName339,362,Engineer339,Skilled339,City339,Street339,339,MongoFB9
fName340,lName340,363,Engineer340,Skilled340,City340,Street340,340,MongoFB10
fName341,lName341,364,Engineer341,Skilled341,City341,Street341,341,MongoFB1
fName342,lName342,365,Engineer342,Skilled342,City342,Street342,342,MongoFB2
fName343,lName343,366,Engineer343,Skilled343,City343,Street343,343,MongoFB3
fName344,lName344,367,Engineer344,Skilled344,City344,Street344,344,MongoFB4
fName345,lName345,368,Engineer345,Skilled345,City345,Street345,345,MongoFB5
fName346,lName346,369,Engineer346,Skilled346,City346,Street346,346,MongoFB6
fName347,lName347,370,Engineer347,Skilled347,City347,Street347,347,MongoFB7
fName348,lName348,371,Engineer348,Skilled348,City348,Street348,348,MongoFB8
fName349,lName349,372,Engineer349,Skilled349,City349,Street349,349,MongoFB9
fName350,lName350,373,Engineer350,Skilled350,City350,Street350,350,MongoFB10
fName351,lName351,374,Engineer351,Skilled351,City351,Street351,351,MongoFB1
fName352,lName352,375,Engineer352,Skilled352,City352,Street352,352,MongoFB2
fName353,lName353,376,Engineer353,Skilled353,City353,Street353,353,MongoFB3
fName354,lName354,377,Engineer354,Skilled354,City354,Street354,354,MongoFB4
fName355,lName355,378,Engineer355,Skilled355,City355,Street355,355,MongoFB5
fName356,lName356,379,Engineer356,Skilled356,City356,Street356,356,MongoFB6
fName357,lName357,380,Engineer357,Skilled357,City357,Street357,357,MongoFB7
fName358,lName358,381,Engineer358,Skilled358,City358,Street358,358,MongoFB8
fName359,lName359,382,Engineer359,Skilled359,City359,Street359,359,MongoFB9
fName360,lName360,383,Engineer360,Skilled360,City360,Street360,360,MongoFB10
fName361,lName361,384,Engineer361,Skilled361,City361,Street361,361,MongoFB1
fName362,lName362,385,Engineer362,Skilled362,City362,Street362,362,MongoFB2
fName363,lName363,386,Engineer363,Skilled363,City363,Street363,363,MongoFB3
fName364,lName364,387,Engineer364,Skilled364,City364,Street364,364,MongoFB4
fName365,lName365,388,Engineer365,Skilled365,City365,Street365,365,MongoFB5
fName366,lName366,389,Engineer366,Skilled366,City366,Street366,366,MongoFB6
fName367,lName367,390,Engineer367,Skilled367,City367,Street367,367,MongoFB7
fName368,lName368,391,Engineer368,Skilled368,City368,Street368,368,MongoFB8
fName369,lName369,392,Engineer369,Skilled369,City369,Street369,369,MongoFB9
fName370,lName370,393,Engineer370,Skilled370,City370,Street370,370,MongoFB10
fName371,lName371,394,Engineer371,Skilled371,City371,Street371,371,MongoFB1
fName372,lName372,395,Engineer372,Skilled372,City372,Street372,372,MongoFB2
fName373,lName373,396,Engineer373,Skilled373,City373,Street373,373,MongoFB3
fName374,lName374,397,Engineer374,Skilled374,City374,Street374,374,MongoFB4
fName375,lName375,398,Engineer375,Skilled375,City375,Street375,375,MongoFB5
fName376,lName376,399,Engineer376,Skilled376,City376,Street376,376,MongoFB6
fName377,lName377,400,Engineer377,Skilled377,City377,Street377,377,MongoFB7
fName378,lName378,401,Engineer378,Skilled378,City378,Street378,378,MongoFB8
fName379,lName379,402,Engineer379,Skilled379,City379,Street379,379,MongoFB9
fName380,lName380,403,Engineer380,Skilled380,City380,Street380,380,MongoFB10
fName381,lName381,404,Engineer381,Skilled381,City381,Street381,381,MongoFB1
fName382,lName382,405,Engineer382,Skilled382,City382,Street382,382,MongoFB2
fName383,lName383,406,Engineer383,Skilled383,City383,Street383,383,MongoFB3
fName384,lName384,407,Engineer384,Skilled384,City384,Street384,384,MongoFB4
fName385,lName385,408,Engineer385,Skilled385,City385,Street385,385,MongoFB5
fName386,lName386,409,Engineer386,Skilled386,City386,Street386,386,MongoFB6
fName387,lName387,410,Engineer387,Skilled387,City387,Street387,387,MongoFB7
fName388,lName388,411,Engineer388,Skilled388,City388,Street388,388,MongoFB8
fName389,lName389,412,Engineer389,Skilled389,City389,Street389,389,MongoFB9
fName390,lName390,413,Engineer390,Skilled390,City390,Street390,390,MongoFB10
fName391,lName391,414,Engineer391,Skilled391,City391,Street391,391,MongoFB1
fName392,lName392,415,Engineer392,Skilled392,City392,Street392,392,MongoFB2
fName393,lName393,416,Engineer393,Skilled393,City393,Street393,393,MongoFB3
fName394,lName394,417,Engineer394,Skilled394,City394,Street394,394,MongoFB4
fName395,lName395,418,Engineer395,Skilled395,City395,Street395,395,MongoFB5
fName396,lName396,419,Engineer396,Skilled396,City396,Street396,396,MongoFB6
fName397,lName397,420,Engineer397,Skilled397,City397,Street397,397,MongoFB7
fName398,lName398,421,Engineer398,Skilled398,City398,Street398,398,MongoFB8
fName399,lName399,422,Engineer399,Skilled399,City399,Street399,399,MongoFB9
fName400,lName400,423,Engineer400,Skilled400,City400,Street400,400,MongoFB10
fName401,lName401,424,Engineer401,Skilled401,City401,Street401,401,MongoFB1
fName402,lName402,425,Engineer402,Skilled402,City402,Street402,402,MongoFB2
fName403,lName403,426,Engineer403,Skilled403,City403,Street403,403,MongoFB3
fName404,lName404,427,Engineer404,Skilled404,City404,Street404,404,MongoFB4
fName405,lName405,428,Engineer405,Skilled405,City405,Street405,405,MongoFB5
fName406,lName406,429,Engineer406,Skilled406,City406,Street406,406,MongoFB6
fName407,lName407,430,Engineer407,Skilled407,City407,Street407,407,MongoFB7
fName408,lName408,431,Engineer408,Skilled408,City408,Street408,408,MongoFB8
fName409,lName409,432,Engineer409,Skilled409,City409,Street409,409,MongoFB9
fName410,lName410,433,Engineer410,Skilled410,City410,Street410,410,MongoFB10
fName411,lName411,434,Engineer411,Skilled411,City411,Street411,411,MongoFB1
fName412,lName412,435,Engineer412,Skilled412,City412,Street412,412,MongoFB2
fName413,lName413,436,Engineer413,Skilled413,City413,Street413,413,MongoFB3
fName414,lName414,437,Engineer414,Skilled414,City414,Street414,414,MongoFB4
fName415,lName415,438,Engineer415,Skilled415,City415,Street415,415,MongoFB5
fName416,lName416,439,Engineer416,Skilled416,City416,Street416,416,MongoFB6
fName417,lName417,440,Engineer417,Skilled417,City417,Street417,417,MongoFB7
fName418,lName418,441,Engineer418,Skilled418,City418,Street418,418,MongoFB8
fName419,lName419,442,Engineer419,Skilled419,City419,Street419,419,MongoFB9
fName420,lName420,443,Engineer420,Skilled420,City420,Street420,420,MongoFB10
fName421,lName421,444,Engineer421,Skilled421,City421,Street421,421,MongoFB1
fName422,lName422,445,Engineer422,Skilled422,City422,Street422,422,MongoFB2
fName423,lName423,446,Engineer423,Skilled423,City423,Street423,423,MongoFB3
fName424,lName424,447,Engineer424,Skilled424,City424,Street424,424,MongoFB4
fName425,lName425,448,Engineer425,Skilled425,City425,Street425,425,MongoFB5
fName426,lName426,449,Engineer426,Skilled426,City426,Street426,426,MongoFB6
fName427,lName427,450,Engineer427,Skilled427,City427,Street427,427,MongoFB7
fName428,lName428,451,Engineer428,Skilled428,City428,Street428,428,MongoFB8
fName429,lName429,452,Engineer429,Skilled429,City429,Street429,429,MongoFB9
fName430,lName430,453,Engineer430,Skilled430,City430,Street430,430,MongoFB10
fName431,lName431,454,Engineer431,Skilled431,City431,Street431,431,MongoFB1
fName432,lName432,455,Engineer432,Skilled432,City432,Street432,432,MongoFB2
fName433,lName433,456,Engineer433,Skilled433,City433,Street433,433,MongoFB3
fName434,lName434,457,Engineer434,Skilled434,City434,Street434,434,MongoFB4
fName435,lName435,458,Engineer435,Skilled435,City435,Street435,435,MongoFB5
fName436,lName436,459,Engineer436,Skilled436,City436,Street436,436,MongoFB6
fName437,lName437,460,Engineer437,Skilled437,City437,Street437,437,MongoFB7
fName438,lName438,461,Engineer438,Skilled438,City438,Street438,438,MongoFB8
fName439,lName439,462,Engineer439,Skilled439,City439,Street439,439,MongoFB9
fName440,lName440,463,Engineer440,Skilled440,City440,Street440,440,MongoFB10
fName441,lName441,464,Engineer441,Skilled441,City441,Street441,441,MongoFB1
fName442,lName442,465,Engineer442,Skilled442,City442,Street442,442,MongoFB2
fName443,lName443,466,Engineer443,Skilled443,City443,Street443,443,MongoFB3
fName444,lName444,467,Engineer444,Skilled444,City444,Street444,444,MongoFB4
fName445,lName445,468,Engineer445,Skilled445,City445,Street445,445,MongoFB5
fName446,lName446,469,Engineer446,Skilled446,City446,Street446,446,MongoFB6
fName447,lName447,470,Engineer447,Skilled447,City447,Street447,447,MongoFB7
fName448,lName448,471,Engineer448,Skilled448,City448,Street448,448,MongoFB8
fName449,lName449,472,Engineer449,Skilled449,City449,Street449,449,MongoFB9
fName450,lName450,473,Engineer450,Skilled450,City450,Street450,450,MongoFB10
fName451,lName451,474,Engineer451,Skilled451,City451,Street451,451,MongoFB1
fName452,lName452,475,Engineer452,Skilled452,City452,Street452,452,MongoFB2
fName453,lName453,476,Engineer453,Skilled453,City453,Street453,453,MongoFB3
fName454,lName454,477,Engineer454,Skilled454,City454,Street454,454,MongoFB4
fName455,lName455,478,Engineer455,Skilled455,City455,Street455,455,MongoFB5
fName456,lName456,479,Engineer456,Skilled456,City456,Street456,456,MongoFB6
fName457,lName457,480,Engineer457,Skilled457,City457,Street457,457,MongoFB7
fName458,lName458,481,Engineer458,Skilled458,City458,Street458,458,MongoFB8
fName459,lName459,482,Engineer459,Skilled459,City459,Street459,459,MongoFB9
fName460,lName460,483,Engineer460,Skilled460,City460,Street460,460,MongoFB10
fName461,lName461,484,Engineer461,Skilled461,City461,Street461,461,MongoFB1
fName462,lName462,485,Engineer462,Skilled462,City462,Street462,462,MongoFB2
fName463,lName463,486,Engineer463,Skilled463,City463,Street463,463,MongoFB3
fName464,lName464,487,Engineer464,Skilled464,City464,Street464,464,MongoFB4
fName465,lName465,488,Engineer465,Skilled465,City465,Street465,465,MongoFB5
fName466,lName466,489,Engineer466,Skilled466,City466,Street466,466,MongoFB6
fName467,lName467,490,Engineer467,Skilled467,City467,Street467,467,MongoFB7
fName468,lName468,491,Engineer468,Skilled468,City468,Street468,468,MongoFB8
fName469,lName469,492,Engineer469,Skilled469,City469,Street469,469,MongoFB9
fName470,lName470,493,Engineer470,Skilled470,City470,Street470,470,MongoFB10
fName471,lName471,494,Engineer471,Skilled471,City471,Street471,471,MongoFB1
fName472,lName472,495,Engineer472,Skilled472,City472,Street472,472,MongoFB2
fName473,lName473,496,Engineer473,Skilled473,City473,Street473,473,MongoFB3
fName474,lName474,497,Engineer474,Skilled474,City474,Street474,474,MongoFB4
fName475,lName475,498,Engineer475,Skilled475,City475,Street475,475,MongoFB5
fName476,lName476,499,Engineer476,Skilled476,City476,Street476,476,MongoFB6
fName477,lName477,500,Engineer477,Skilled477,City477,Street477,477,MongoFB7
fName478,lName478,501,Engineer478,Skilled478,City478,Street478,478,MongoFB8
fName479,lName479,502,Engineer479,Skilled479,City479,Street479,479,MongoFB9
fName480,lName480,503,Engineer480,Skilled480,City480,Street480,480,MongoFB10
fName481,lName481,504,Engineer481,Skilled481,City481,Street481,481,MongoFB1
fName482,lName482,505,Engineer482,Skilled482,City482,Street482,482,MongoFB2
fName483,lName483,506,Engineer483,Skilled483,City483,Street483,483,MongoFB3
fName484,lName484,507,Engineer484,Skilled484,City484,Street484,484,MongoFB4
fName485,lName485,508,Engineer485,Skilled485,City485,Street485,485,MongoFB5
fName486,lName486,509,Engineer486,Skilled486,City486,Street486,486,MongoFB6
fName487,lName487,510,Engineer487,Skilled487,City487,Street487,487,MongoFB7
fName488,lName488,511,Engineer488,Skilled488,City488,Street488,488,MongoFB8
fName489,lName489,512,Engineer489,Skilled489,City489,Street489,489,MongoFB9
fName490,lName490,513,Engineer490,Skilled490,City490,Street490,490,MongoFB10
fName491,lName491,514,Engineer491,Skilled491,City491,Street491,491,MongoFB1
fName492,lName492,515,Engineer492,Skilled492,City492,Street492,492,MongoFB2
fName493,lName493,516,Engineer493,Skilled493,City493,Street493,493,MongoFB3
fName494,lName494,517,Engineer494,Skilled494,City494,Street494,494,MongoFB4
fName495,lName495,518,Engineer495,Skilled495,City495,Street495,495,MongoFB5
fName496,lName496,519,Engineer496,Skilled496,City496,Street496,496,MongoFB6
fName497,lName497,520,Engineer497,Skilled497,City497,Street497,497,MongoFB7
fName498,lName498,521,Engineer498,Skilled498,City498,Street498,498,MongoFB8
fName499,lName499,522,Engineer499,Skilled499,City499,Street499,499,MongoFB9
fName500,lName500,523,Engineer500,Skilled500,City500,Street500,500,MongoFB10
fName501,lName501,524,Engineer501,Skilled501,City501,Street501,501,MongoFB1
fName502,lName502,525,Engineer502,Skilled502,City502,Street502,502,MongoFB2
fName503,lName503,526,Engineer503,Skilled503,City503,Street503,503,MongoFB3
fName504,lName504,527,Engineer504,Skilled504,City504,Street504,504,MongoFB4
fName505,lName505,528,Engineer505,Skilled505,City505,Street505,505,MongoFB5
fName506,lName506,529,Engineer506,Skilled506,City506,Street506,506,MongoFB6
fName507,lName507,530,Engineer507,Skilled507,City507,Street507,507,MongoFB7
fName508,lName508,531,Engineer508,Skilled508,City508,Street508,508,MongoFB8
fName509,lName509,532,Engineer509,Skilled509,City509,Street509,509,MongoFB9
fName510,lName510,533,Engineer510,Skilled510,City510,Street510,510,MongoFB10
fName511,lName511,534,Engineer511,Skilled511,City511,Street511,511,MongoFB1
fName512,lName512,535,Engineer512,Skilled512,City512,Street512,512,MongoFB2
fName513,lName513,536,Engineer513,Skilled513,City513,Street513,513,MongoFB3
fName514,lName514,537,Engineer514,Skilled514,City514,Street514,514,MongoFB4
fName515,lName515,538,Engineer515,Skilled515,City515,Street515,515,MongoFB5
fName516,lName516,539,Engineer516,Skilled516,City516,Street516,516,MongoFB6
fName517,lName517,540,Engineer517,Skilled517,City517,Street517,517,MongoFB7
fName518,lName518,541,Engineer518,Skilled518,City518,Street518,518,MongoFB8
fName519,lName519,542,Engineer519,Skilled519,City519,Street519,519,MongoFB9
fName520,lName520,543,Engineer520,Skilled520,City520,Street520,520,MongoFB10
fName521,lName521,544,Engineer521,Skilled521,City521,Street521,521,MongoFB1
fName522,lName522,545,Engineer522,Skilled522,City522,Street522,522,MongoFB2
fName523,lName523,546,Engineer523,Skilled523,City523,Street523,523,MongoFB3
fName524,lName524,547,Engineer524,Skilled524,City524,Street524,524,MongoFB4
fName525,lName525,548,Engineer525,Skilled525,City525,Street525,525,MongoFB5
fName526,lName526,549,Engineer526,Skilled526,City526,Street526,526,MongoFB6
fName527,lName527,550,Engineer527,Skilled527,City527,Street527,527,MongoFB7
fName528,lName528,551,Engineer528,Skilled528,City528,Street528,528,MongoFB8
fName529,lName529,552,Engineer529,Skilled529,City529,Street529,529,MongoFB9
fName530,lName530,553,Engineer530,Skilled530,City530,Street530,530,MongoFB10
fName531,lName531,554,Engineer531,Skilled531,City531,Street531,531,MongoFB1
fName532,lName532,555,Engineer532,Skilled532,City532,Street532,532,MongoFB2
fName533,lName533,556,Engineer533,Skilled533,City533,Street533,533,MongoFB3
fName534,lName534,557,Engineer534,Skilled534,City534,Street534,534,MongoFB4
fName535,lName535,558,Engineer535,Skilled535,City535,Street535,535,MongoFB5
fName536,lName536,559,Engineer536,Skilled536,City536,Street536,536,MongoFB6
fName537,lName537,560,Engineer537,Skilled537,City537,Street537,537,MongoFB7
fName538,lName538,561,Engineer538,Skilled538,City538,Street538,538,MongoFB8
fName539,lName539,562,Engineer539,Skilled539,City539,Street539,539,MongoFB9
fName540,lName540,563,Engineer540,Skilled540,City540,Street540,540,MongoFB10
fName541,lName541,564,Engineer541,Skilled541,City541,Street541,541,MongoFB1
fName542,lName542,565,Engineer542,Skilled542,City542,Street542,542,MongoFB2
fName543,lName543,566,Engineer543,Skilled543,City543,Street543,543,MongoFB3
fName544,lName544,567,Engineer544,Skilled544,City544,Street544,544,MongoFB4
fName545,lName545,568,Engineer545,Skilled545,City545,Street545,545,MongoFB5
fName546,lName546,569,Engineer546,Skilled546,City546,Street546,546,MongoFB6
fName547,lName547,570,Engineer547,Skilled547,City547,Street547,547,MongoFB7
fName548,lName548,571,Engineer548,Skilled548,City548,Street548,548,MongoFB8
fName549,lName549,572,Engineer549,Skilled549,City549,Street549,549,MongoFB9
fName550,lName550,573,Engineer550,Skilled550,City550,Street550,550,MongoFB10
fName551,lName551,574,Engineer551,Skilled551,City551,Street551,551,MongoFB1
fName552,lName552,575,Engineer552,Skilled552,City552,Street552,552,MongoFB2
fName553,lName553,576,Engineer553,Skilled553,City553,Street553,553,MongoFB3
fName554,lName554,577,Engineer554,Skilled554,City554,Street554,554,MongoFB4
fName555,lName555,578,Engineer555,Skilled555,City555,Street555,555,MongoFB5
fName556,lName556,579,Engineer556,Skilled556,City556,Street556,556,MongoFB6
fName557,lName557,580,Engineer557,Skilled557,City557,Street557,557,MongoFB7
fName558,lName558,581,Engineer558,Skilled558,City558,Street558,558,MongoFB8
fName559,lName559,582,Engineer559,Skilled559,City559,Street559,559,MongoFB9
fName560,lName560,583,Engineer560,Skilled560,City560,Street560,560,MongoFB10
fName561,lName561,584,Engineer561,Skilled561,City561,Street561,561,MongoFB1
fName562,lName562,585,Engineer562,Skilled562,City562,Street562,562,MongoFB2
fName563,lName563,586,Engineer563,Skilled563,City563,Street563,563,MongoFB3
fName564,lName564,587,Engineer564,Skilled564,City564,Street564,564,MongoFB4
fName565,lName565,588,Engineer565,Skilled565,City565,Street565,565,MongoFB5
fName566,lName566,589,Engineer566,Skilled566,City566,Street566,566,MongoFB6
fName567,lName567,590,Engineer567,Skilled567,City567,Street567,567,MongoFB7
fName568,lName568,591,Engineer568,Skilled568,City568,Street568,568,MongoFB8
fName569,lName569,592,Engineer569,Skilled569,City569,Street569,569,MongoFB9
fName570,lName570,593,Engineer570,Skilled570,City570,Street570,570,MongoFB10
fName571,lName571,594,Engineer571,Skilled571,City571,Street571,571,MongoFB1
fName572,lName572,595,Engineer572,Skilled572,City572,Street572,572,MongoFB2
fName573,lName573,596,Engineer573,Skilled573,City573,Street573,573,MongoFB3
fName574,lName574,597,Engineer574,Skilled574,City574,Street574,574,MongoFB4
fName575,lName575,598,Engineer575,Skilled575,City575,Street575,575,MongoFB5
fName576,lName576,599,Engineer576,Skilled576,City576,Street576,576,MongoFB6
fName577,lName577,600,Engineer577,Skilled577,City577,Street577,577,MongoFB7
fName578,lName578,601,Engineer578,Skilled578,City578,Street578,578,MongoFB8
fName579,lName579,602,Engineer579,Skilled579,City579,Street579,579,MongoFB9
fName580,lName580,603,Engineer580,Skilled580,City580,Street580,580,MongoFB10
fName581,lName581,604,Engineer581,Skilled581,City581,Street581,581,MongoFB1
fName582,lName582,605,Engineer582,Skilled582,City582,Street582,582,MongoFB2
fName583,lName583,606,Engineer583,Skilled583,City583,Street583,583,MongoFB3
fName584,lName584,607,Engineer584,Skilled584,City584,Street584,584,MongoFB4
fName585,lName585,608,Engineer585,Skilled585,City585,Street585,585,MongoFB5
fName586,lName586,609,Engineer586,Skilled586,City586,Street586,586,MongoFB6
fName587,lName587,610,Engineer587,Skilled587,City587,Street587,587,MongoFB7
fName588,lName588,611,Engineer588,Skilled588,City588,Street588,588,MongoFB8
fName589,lName589,612,Engineer589,Skilled589,City589,Street589,589,MongoFB9
fName590,lName590,613,Engineer590,Skilled590,City590,Street590,590,MongoFB10
fName591,lName591,614,Engineer591,Skilled591,City591,Street591,591,MongoFB1
fName592,lName592,615,Engineer592,Skilled592,City592,Street592,592,MongoFB2
fName593,lName593,616,Engineer593,Skilled593,City593,Street593,593,MongoFB3
fName594,lName594,617,Engineer594,Skilled594,City594,Street594,594,MongoFB4
fName595,lName595,618,Engineer595,Skilled595,City595,Street595,595,MongoFB5
fName596,lName596,619,Engineer596,Skilled596,City596,Street596,596,MongoFB6
fName597,lName597,620,Engineer597,Skilled597,City597,Street597,597,MongoFB7
fName598,lName598,621,Engineer598,Skilled598,City598,Street598,598,MongoFB8
fName599,lName599,622,Engineer599,Skilled599,City599,Street599,599,MongoFB9
fName600,lName600,623,Engineer600,Skilled600,City600,Street600,600,MongoFB10
fName601,lName601,624,Engineer601,Skilled601,City601,Street601,601,MongoFB1
fName602,lName602,625,Engineer602,Skilled602,City602,Street602,602,MongoFB2
fName603,lName603,626,Engineer603,Skilled603,City603,Street603,603,MongoFB3
fName604,lName604,627,Engineer604,Skilled604,City604,Street604,604,MongoFB4
fName605,lName605,628,Engineer605,Skilled605,City605,Street605,605,MongoFB5
fName606,lName606,629,Engineer606,Skilled606,City606,Street606,606,MongoFB6
fName607,lName607,630,Engineer607,Skilled607,City607,Street607,607,MongoFB7
fName608,lName608,631,Engineer608,Skilled608,City608,Street608,608,MongoFB8
fName609,lName609,632,Engineer609,Skilled609,City609,Street609,609,MongoFB9
fName610,lName610,633,Engineer610,Skilled610,City610,Street610,610,MongoFB10
fName611,lName611,634,Engineer611,Skilled611,City611,Street611,611,MongoFB1
fName612,lName612,635,Engineer612,Skilled612,City612,Street612,612,MongoFB2
fName613,lName613,636,Engineer613,Skilled613,City613,Street613,613,MongoFB3
fName614,lName614,637,Engineer614,Skilled614,City614,Street614,614,MongoFB4
fName615,lName615,638,Engineer615,Skilled615,City615,Street615,615,MongoFB5
fName616,lName616,639,Engineer616,Skilled616,City616,Street616,616,MongoFB6
fName617,lName617,640,Engineer617,Skilled617,City617,Street617,617,MongoFB7
fName618,lName618,641,Engineer618,Skilled618,City618,Street618,618,MongoFB8
fName619,lName619,642,Engineer619,Skilled619,City619,Street619,619,MongoFB9
fName620,lName620,643,Engineer620,Skilled620,City620,Street620,620,MongoFB10
fName621,lName621,644,Engineer621,Skilled621,City621,Street621,621,MongoFB1
fName622,lName622,645,Engineer622,Skilled622,City622,Street622,622,MongoFB2
fName623,lName623,646,Engineer623,Skilled623,City623,Street623,623,MongoFB3
fName624,lName624,647,Engineer624,Skilled624,City624,Street624,624,MongoFB4
fName625,lName625,648,Engineer625,Skilled625,City625,Street625,625,MongoFB5
fName626,lName626,649,Engineer626,Skilled626,City626,Street626,626,MongoFB6
fName627,lName627,650,Engineer627,Skilled627,City627,Street627,627,MongoFB7
fName628,lName628,651,Engineer628,Skilled628,City628,Street628,628,MongoFB8
fName629,lName629,652,Engineer629,Skilled629,City629,Street629,629,MongoFB9
fName630,lName630,653,Engineer630,Skilled630,City630,Street630,630,MongoFB10
fName631,lName631,654,Engineer631,Skilled631,City631,Street631,631,MongoFB1
fName632,lName632,655,Engineer632,Skilled632,City632,Street632,632,MongoFB2
fName633,lName633,656,Engineer633,Skilled633,City633,Street633,633,MongoFB3
fName634,lName634,657,Engineer634,Skilled634,City634,Street634,634,MongoFB4
fName635,lName635,658,Engineer635,Skilled635,City635,Street635,635,MongoFB5
fName636,lName636,659,Engineer636,Skilled636,City636,Street636,636,MongoFB6
fName637,lName637,660,Engineer637,Skilled637,City637,Street637,637,MongoFB7
fName638,lName638,661,Engineer638,Skilled638,City638,Street638,638,MongoFB8
fName639,lName639,662,Engineer639,Skilled639,City639,Street639,639,MongoFB9
fName640,lName640,663,Engineer640,Skilled640,City640,Street640,640,MongoFB10
fName641,lName641,664,Engineer641,Skilled641,City641,Street641,641,MongoFB1
fName642,lName642,665,Engineer642,Skilled642,City642,Street642,642,MongoFB2
fName643,lName643,666,Engineer643,Skilled643,City643,Street643,643,MongoFB3
fName644,lName644,667,Engineer644,Skilled644,City644,Street644,644,MongoFB4
fName645,lName645,668,Engineer645,Skilled645,City645,Street645,645,MongoFB5
fName646,lName646,669,Engineer646,Skilled646,City646,Street646,646,MongoFB6
fName647,lName647,670,Engineer647,Skilled647,City647,Street647,647,MongoFB7
fName648,lName648,671,Engineer648,Skilled648,City648,Street648,648,MongoFB8
fName649,lName649,672,Engineer649,Skilled649,City649,Street649,649,MongoFB9
fName650,lName650,673,Engineer650,Skilled650,City650,Street650,650,MongoFB10
fName651,lName651,674,Engineer651,Skilled651,City651,Street651,651,MongoFB1
fName652,lName652,675,Engineer652,Skilled652,City652,Street652,652,MongoFB2
fName653,lName653,676,Engineer653,Skilled653,City653,Street653,653,MongoFB3
fName654,lName654,677,Engineer654,Skilled654,City654,Street654,654,MongoFB4
fName655,lName655,678,Engineer655,Skilled655,City655,Street655,655,MongoFB5
fName656,lName656,679,Engineer656,Skilled656,City656,Street656,656,MongoFB6
fName657,lName657,680,Engineer657,Skilled657,City657,Street657,657,MongoFB7
fName658,lName658,681,Engineer658,Skilled658,City658,Street658,658,MongoFB8
fName659,lName659,682,Engineer659,Skilled659,City659,Street659,659,MongoFB9
fName660,lName660,683,Engineer660,Skilled660,City660,Street660,660,MongoFB10
fName661,lName661,684,Engineer661,Skilled661,City661,Street661,661,MongoFB1
fName662,lName662,685,Engineer662,Skilled662,City662,Street662,662,MongoFB2
fName663,lName663,686,Engineer663,Skilled663,City663,Street663,663,MongoFB3
fName664,lName664,687,Engineer664,Skilled664,City664,Street664,664,MongoFB4
fName665,lName665,688,Engineer665,Skilled665,City665,Street665,665,MongoFB5
fName666,lName666,689,Engineer666,Skilled666,City666,Street666,666,MongoFB6
fName667,lName667,690,Engineer667,Skilled667,City667,Street667,667,MongoFB7
fName668,lName668,691,Engineer668,Skilled668,City668,Street668,668,MongoFB8
fName669,lName669,692,Engineer669,Skilled669,City669,Street669,669,MongoFB9
fName670,lName670,693,Engineer670,Skilled670,City670,Street670,670,MongoFB10
fName671,lName671,694,Engineer671,Skilled671,City671,Street671,671,MongoFB1
fName672,lName672,695,Engineer672,Skilled672,City672,Street672,672,MongoFB2
fName673,lName673,696,Engineer673,Skilled673,City673,Street673,673,MongoFB3
fName674,lName674,697,Engineer674,Skilled674,City674,Street674,674,MongoFB4
fName675,lName675,698,Engineer675,Skilled675,City675,Street675,675,MongoFB5
fName676,lName676,699,Engineer676,Skilled676,City676,Street676,676,MongoFB6
fName677,lName677,700,Engineer677,Skilled677,City677,Street677,677,MongoFB7
fName678,lName678,701,Engineer678,Skilled678,City678,Street678,678,MongoFB8
fName679,lName679,702,Engineer679,Skilled679,City679,Street679,679,MongoFB9
fName680,lName680,703,Engineer680,Skilled680,City680,Street680,680,MongoFB10
fName681,lName681,704,Engineer681,Skilled681,City681,Street681,681,MongoFB1
fName682,lName682,705,Engineer682,Skilled682,City682,Street682,682,MongoFB2
fName683,lName683,706,Engineer683,Skilled683,City683,Street683,683,MongoFB3
fName684,lName684,707,Engineer684,Skilled684,City684,Street684,684,MongoFB4
fName685,lName685,708,Engineer685,Skilled685,City685,Street685,685,MongoFB5
fName686,lName686,709,Engineer686,Skilled686,City686,Street686,686,MongoFB6
fName687,lName687,710,Engineer687,Skilled687,City687,Street687,687,MongoFB7
fName688,lName688,711,Engineer688,Skilled688,City688,Street688,688,MongoFB8
fName689,lName689,712,Engineer689,Skilled689,City689,Street689,689,MongoFB9
fName690,lName690,713,Engineer690,Skilled690,City690,Street690,690,MongoFB10
fName691,lName691,714,Engineer691,Skilled691,City691,Street691,691,MongoFB1
fName692,lName692,715,Engineer692,Skilled692,City692,Street692,692,MongoFB2
fName693,lName693,716,Engineer693,Skilled693,City693,Street693,693,MongoFB3
fName694,lName694,717,Engineer694,Skilled694,City694,Street694,694,MongoFB4
fName695,lName695,718,Engineer695,Skilled695,City695,Street695,695,MongoFB5
fName696,lName696,719,Engineer696,Skilled696,City696,Street696,696,MongoFB6
fName697,lName697,720,Engineer697,Skilled697,City697,Street697,697,MongoFB7
fName698,lName698,721,Engineer698,Skilled698,City698,Street698,698,MongoFB8
fName699,lName699,722,Engineer699,Skilled699,City699,Street699,699,MongoFB9
fName700,lName700,723,Engineer700,Skilled700,City700,Street700,700,MongoFB10
fName701,lName701,724,Engineer701,Skilled701,City701,Street701,701,MongoFB1
fName702,lName702,725,Engineer702,Skilled702,City702,Street702,702,MongoFB2
fName703,lName703,726,Engineer703,Skilled703,City703,Street703,703,MongoFB3
fName704,lName704,727,Engineer704,Skilled704,City704,Street704,704,MongoFB4
fName705,lName705,728,Engineer705,Skilled705,City705,Street705,705,MongoFB5
fName706,lName706,729,Engineer706,Skilled706,City706,Street706,706,MongoFB6
fName707,lName707,730,Engineer707,Skilled707,City707,Street707,707,MongoFB7
fName708,lName708,731,Engineer708,Skilled708,City708,Street708,708,MongoFB8
fName709,lName709,732,Engineer709,Skilled709,City709,Street709,709,MongoFB9
fName710,lName710,733,Engineer710,Skilled710,City710,Street710,710,MongoFB10
fName711,lName711,734,Engineer711,Skilled711,City711,Street711,711,MongoFB1
fName712,lName712,735,Engineer712,Skilled712,City712,Street712,712,MongoFB2
fName713,lName713,736,Engineer713,Skilled713,City713,Street713,713,MongoFB3
fName714,lName714,737,Engineer714,Skilled714,City714,Street714,714,MongoFB4
fName715,lName715,738,Engineer715,Skilled715,City715,Street715,715,MongoFB5
fName716,lName716,739,Engineer716,Skilled716,City716,Street716,716,MongoFB6
fName717,lName717,740,Engineer717,Skilled717,City717,Street717,717,MongoFB7
fName718,lName718,741,Engineer718,Skilled718,City718,Street718,718,MongoFB8
fName719,lName719,742,Engineer719,Skilled719,City719,Street719,719,MongoFB9
fName720,lName720,743,Engineer720,Skilled720,City720,Street720,720,MongoFB10
fName721,lName721,744,Engineer721,Skilled721,City721,Street721,721,MongoFB1
fName722,lName722,745,Engineer722,Skilled722,City722,Street722,722,MongoFB2
fName723,lName723,746,Engineer723,Skilled723,City723,Street723,723,MongoFB3
fName724,lName724,747,Engineer724,Skilled724,City724,Street724,724,MongoFB4
fName725,lName725,748,Engineer725,Skilled725,City725,Street725,725,MongoFB5
fName726,lName726,749,Engineer726,Skilled726,City726,Street726,726,MongoFB6
fName727,lName727,750,Engineer727,Skilled727,City727,Street727,727,MongoFB7
fName728,lName728,751,Engineer728,Skilled728,City728,Street728,728,MongoFB8
fName729,lName729,752,Engineer729,Skilled729,City729,Street729,729,MongoFB9
fName730,lName730,753,Engineer730,Skilled730,City730,Street730,730,MongoFB10
fName731,lName731,754,Engineer731,Skilled731,City731,Street731,731,MongoFB1
fName732,lName732,755,Engineer732,Skilled732,City732,Street732,732,MongoFB2
fName733,lName733,756,Engineer733,Skilled733,City733,Street733,733,MongoFB3
fName734,lName734,757,Engineer734,Skilled734,City734,Street734,734,MongoFB4
fName735,lName735,758,Engineer735,Skilled735,City735,Street735,735,MongoFB5
fName736,lName736,759,Engineer736,Skilled736,City736,Street736,736,MongoFB6
fName737,lName737,760,Engineer737,Skilled737,City737,Street737,737,MongoFB7
fName738,lName738,761,Engineer738,Skilled738,City738,Street738,738,MongoFB8
fName739,lName739,762,Engineer739,Skilled739,City739,Street739,739,MongoFB9
fName740,lName740,763,Engineer740,Skilled740,City740,Street740,740,MongoFB10
fName741,lName741,764,Engineer741,Skilled741,City741,Street741,741,MongoFB1
fName742,lName742,765,Engineer742,Skilled742,City742,Street742,742,MongoFB2
fName743,lName743,766,Engineer743,Skilled743,City743,Street743,743,MongoFB3
fName744,lName744,767,Engineer744,Skilled744,City744,Street744,744,MongoFB4
fName745,lName745,768,Engineer745,Skilled745,City745,Street745,745,MongoFB5
fName746,lName746,769,Engineer746,Skilled746,City746,Street746,746,MongoFB6
fName747,lName747,770,Engineer747,Skilled747,City747,Street747,747,MongoFB7
fName748,lName748,771,Engineer748,Skilled748,City748,Street748,748,MongoFB8
fName749,lName749,772,Engineer749,Skilled749,City749,Street749,749,MongoFB9
fName750,lName750,773,Engineer750,Skilled750,City750,Street750,750,MongoFB10
fName751,lName751,774,Engineer751,Skilled751,City751,Street751,751,MongoFB1
fName752,lName752,775,Engineer752,Skilled752,City752,Street752,752,MongoFB2
fName753,lName753,776,Engineer753,Skilled753,City753,Street753,753,MongoFB3
fName754,lName754,777,Engineer754,Skilled754,City754,Street754,754,MongoFB4
fName755,lName755,778,Engineer755,Skilled755,City755,Street755,755,MongoFB5
fName756,lName756,779,Engineer756,Skilled756,City756,Street756,756,MongoFB6
fName757,lName757,780,Engineer757,Skilled757,City757,Street757,757,MongoFB7
fName758,lName758,781,Engineer758,Skilled758,City758,Street758,758,MongoFB8
fName759,lName759,782,Engineer759,Skilled759,City759,Street759,759,MongoFB9
fName760,lName760,783,Engineer760,Skilled760,City760,Street760,760,MongoFB10
fName761,lName761,784,Engineer761,Skilled761,City761,Street761,761,MongoFB1
fName762,lName762,785,Engineer762,Skilled762,City762,Street762,762,MongoFB2
fName763,lName763,786,Engineer763,Skilled763,City763,Street763,763,MongoFB3
fName764,lName764,787,Engineer764,Skilled764,City764,Street764,764,MongoFB4
fName765,lName765,788,Engineer765,Skilled765,City765,Street765,765,MongoFB5
fName766,lName766,789,Engineer766,Skilled766,City766,Street766,766,MongoFB6
fName767,lName767,790,Engineer767,Skilled767,City767,Street767,767,MongoFB7
fName768,lName768,791,Engineer768,Skilled768,City768,Street768,768,MongoFB8
fName769,lName769,792,Engineer769,Skilled769,City769,Street769,769,MongoFB9
fName770,lName770,793,Engineer770,Skilled770,City770,Street770,770,MongoFB10
fName771,lName771,794,Engineer771,Skilled771,City771,Street771,771,MongoFB1
fName772,lName772,795,Engineer772,Skilled772,City772,Street772,772,MongoFB2
fName773,lName773,796,Engineer773,Skilled773,City773,Street773,773,MongoFB3
fName774,lName774,797,Engineer774,Skilled774,City774,Street774,774,MongoFB4
fName775,lName775,798,Engineer775,Skilled775,City775,Street775,775,MongoFB5
fName776,lName776,799,Engineer776,Skilled776,City776,Street776,776,MongoFB6
fName777,lName777,800,Engineer777,Skilled777,City777,Street777,777,MongoFB7
fName778,lName778,801,Engineer778,Skilled778,City778,Street778,778,MongoFB8
fName779,lName779,802,Engineer779,Skilled779,City779,Street779,779,MongoFB9
fName780,lName780,803,Engineer780,Skilled780,City780,Street780,780,MongoFB10
fName781,lName781,804,Engineer781,Skilled781,City781,Street781,781,MongoFB1
fName782,lName782,805,Engineer782,Skilled782,City782,Street782,782,MongoFB2
fName783,lName783,806,Engineer783,Skilled783,City783,Street783,783,MongoFB3
fName784,lName784,807,Engineer784,Skilled784,City784,Street784,784,MongoFB4
fName785,lName785,808,Engineer785,Skilled785,City785,Street785,785,MongoFB5
fName786,lName786,809,Engineer786,Skilled786,City786,Street786,786,MongoFB6
fName787,lName787,810,Engineer787,Skilled787,City787,Street787,787,MongoFB7
fName788,lName788,811,Engineer788,Skilled788,City788,Street788,788,MongoFB8
fName789,lName789,812,Engineer789,Skilled789,City789,Street789,789,MongoFB9
fName790,lName790,813,Engineer790,Skilled790,City790,Street790,790,MongoFB10
fName791,lName791,814,Engineer791,Skilled791,City791,Street791,791,MongoFB1
fName792,lName792,815,Engineer792,Skilled792,City792,Street792,792,MongoFB2
fName793,lName793,816,Engineer793,Skilled793,City793,Street793,793,MongoFB3
fName794,lName794,817,Engineer794,Skilled794,City794,Street794,794,MongoFB4
fName795,lName795,818,Engineer795,Skilled795,City795,Street795,795,MongoFB5
fName796,lName796,819,Engineer796,Skilled796,City796,Street796,796,MongoFB6
fName797,lName797,820,Engineer797,Skilled797,City797,Street797,797,MongoFB7
fName798,lName798,821,Engineer798,Skilled798,City798,Street798,798,MongoFB8
fName799,lName799,822,Engineer799,Skilled799,City799,Street799,799,MongoFB9
fName800,lName800,823,Engineer800,Skilled800,City800,Street800,800,MongoFB10
fName801,lName801,824,Engineer801,Skilled801,City801,Street801,801,MongoFB1
fName802,lName802,825,Engineer802,Skilled802,City802,Street802,802,MongoFB2
fName803,lName803,826,Engineer803,Skilled803,City803,Street803,803,MongoFB3
fName804,lName804,827,Engineer804,Skilled804,City804,Street804,804,MongoFB4
fName805,lName805,828,Engineer805,Skilled805,City805,Street805,805,MongoFB5
fName806,lName806,829,Engineer806,Skilled806,City806,Street806,806,MongoFB6
fName807,lName807,830,Engineer807,Skilled807,City807,Street807,807,MongoFB7
fName808,lName808,831,Engineer808,Skilled808,City808,Street808,808,MongoFB8
fName809,lName809,832,Engineer809,Skilled809,City809,Street809,809,MongoFB9
fName810,lName810,833,Engineer810,Skilled810,City810,Street810,810,MongoFB10
fName811,lName811,834,Engineer811,Skilled811,City811,Street811,811,MongoFB1
fName812,lName812,835,Engineer812,Skilled812,City812,Street812,812,MongoFB2
fName813,lName813,836,Engineer813,Skilled813,City813,Street813,813,MongoFB3
fName814,lName814,837,Engineer814,Skilled814,City814,Street814,814,MongoFB4
fName815,lName815,838,Engineer815,Skilled815,City815,Street815,815,MongoFB5
fName816,lName816,839,Engineer816,Skilled816,City816,Street816,816,MongoFB6
fName817,lName817,840,Engineer817,Skilled817,City817,Street817,817,MongoFB7
fName818,lName818,841,Engineer818,Skilled818,City818,Street818,818,MongoFB8
fName819,lName819,842,Engineer819,Skilled819,City819,Street819,819,MongoFB9
fName820,lName820,843,Engineer820,Skilled820,City820,Street820,820,MongoFB10
fName821,lName821,844,Engineer821,Skilled821,City821,Street821,821,MongoFB1
fName822,lName822,845,Engineer822,Skilled822,City822,Street822,822,MongoFB2
fName823,lName823,846,Engineer823,Skilled823,City823,Street823,823,MongoFB3
fName824,lName824,847,Engineer824,Skilled824,City824,Street824,824,MongoFB4
fName825,lName825,848,Engineer825,Skilled825,City825,Street825,825,MongoFB5
fName826,lName826,849,Engineer826,Skilled826,City826,Street826,826,MongoFB6
fName827,lName827,850,Engineer827,Skilled827,City827,Street827,827,MongoFB7
fName828,lName828,851,Engineer828,Skilled828,City828,Street828,828,MongoFB8
fName829,lName829,852,Engineer829,Skilled829,City829,Street829,829,MongoFB9
fName830,lName830,853,Engineer830,Skilled830,City830,Street830,830,MongoFB10
fName831,lName831,854,Engineer831,Skilled831,City831,Street831,831,MongoFB1
fName832,lName832,855,Engineer832,Skilled832,City832,Street832,832,MongoFB2
fName833,lName833,856,Engineer833,Skilled833,City833,Street833,833,MongoFB3
fName834,lName834,857,Engineer834,Skilled834,City834,Street834,834,MongoFB4
fName835,lName835,858,Engineer835,Skilled835,City835,Street835,835,MongoFB5
fName836,lName836,859,Engineer836,Skilled836,City836,Street836,836,MongoFB6
fName837,lName837,860,Engineer837,Skilled837,City837,Street837,837,MongoFB7
fName838,lName838,861,Engineer838,Skilled838,City838,Street838,838,MongoFB8
fName839,lName839,862,Engineer839,Skilled839,City839,Street839,839,MongoFB9
fName840,lName840,863,Engineer840,Skilled840,City840,Street840,840,MongoFB10
fName841,lName841,864,Engineer841,Skilled841,City841,Street841,841,MongoFB1
fName842,lName842,865,Engineer842,Skilled842,City842,Street842,842,MongoFB2
fName843,lName843,866,Engineer843,Skilled843,City843,Street843,843,MongoFB3
fName844,lName844,867,Engineer844,Skilled844,City844,Street844,844,MongoFB4
fName845,lName845,868,Engineer845,Skilled845,City845,Street845,845,MongoFB5
fName846,lName846,869,Engineer846,Skilled846,City846,Street846,846,MongoFB6
fName847,lName847,870,Engineer847,Skilled847,City847,Street847,847,MongoFB7
fName848,lName848,871,Engineer848,Skilled848,City848,Street848,848,MongoFB8
fName849,lName849,872,Engineer849,Skilled849,City849,Street849,849,MongoFB9
fName850,lName850,873,Engineer850,Skilled850,City850,Street850,850,MongoFB10
fName851,lName851,874,Engineer851,Skilled851,City851,Street851,851,MongoFB1
fName852,lName852,875,Engineer852,Skilled852,City852,Street852,852,MongoFB2
fName853,lName853,876,Engineer853,Skilled853,City853,Street853,853,MongoFB3
fName854,lName854,877,Engineer854,Skilled854,City854,Street854,854,MongoFB4
fName855,lName855,878,Engineer855,Skilled855,City855,Street855,855,MongoFB5
fName856,lName856,879,Engineer856,Skilled856,City856,Street856,856,MongoFB6
fName857,lName857,880,Engineer857,Skilled857,City857,Street857,857,MongoFB7
fName858,lName858,881,Engineer858,Skilled858,City858,Street858,858,MongoFB8
fName859,lName859,882,Engineer859,Skilled859,City859,Street859,859,MongoFB9
fName860,lName860,883,Engineer860,Skilled860,City860,Street860,860,MongoFB10
fName861,lName861,884,Engineer861,Skilled861,City861,Street861,861,MongoFB1
fName862,lName862,885,Engineer862,Skilled862,City862,Street862,862,MongoFB2
fName863,lName863,886,Engineer863,Skilled863,City863,Street863,863,MongoFB3
fName864,lName864,887,Engineer864,Skilled864,City864,Street864,864,MongoFB4
fName865,lName865,888,Engineer865,Skilled865,City865,Street865,865,MongoFB5
fName866,lName866,889,Engineer866,Skilled866,City866,Street866,866,MongoFB6
fName867,lName867,890,Engineer867,Skilled867,City867,Street867,867,MongoFB7
fName868,lName868,891,Engineer868,Skilled868,City868,Street868,868,MongoFB8
fName869,lName869,892,Engineer869,Skilled869,City869,Street869,869,MongoFB9
fName870,lName870,893,Engineer870,Skilled870,City870,Street870,870,MongoFB10
fName871,lName871,894,Engineer871,Skilled871,City871,Street871,871,MongoFB1
fName872,lName872,895,Engineer872,Skilled872,City872,Street872,872,MongoFB2
fName873,lName873,896,Engineer873,Skilled873,City873,Street873,873,MongoFB3
fName874,lName874,897,Engineer874,Skilled874,City874,Street874,874,MongoFB4
fName875,lName875,898,Engineer875,Skilled875,City875,Street875,875,MongoFB5
fName876,lName876,899,Engineer876,Skilled876,City876,Street876,876,MongoFB6
fName877,lName877,900,Engineer877,Skilled877,City877,Street877,877,MongoFB7
fName878,lName878,901,Engineer878,Skilled878,City878,Street878,878,MongoFB8
fName879,lName879,902,Engineer879,Skilled879,City879,Street879,879,MongoFB9
fName880,lName880,903,Engineer880,Skilled880,City880,Street880,880,MongoFB10
fName881,lName881,904,Engineer881,Skilled881,City881,Street881,881,MongoFB1
fName882,lName882,905,Engineer882,Skilled882,City882,Street882,882,MongoFB2
fName883,lName883,906,Engineer883,Skilled883,City883,Street883,883,MongoFB3
fName884,lName884,907,Engineer884,Skilled884,City884,Street884,884,MongoFB4
fName885,lName885,908,Engineer885,Skilled885,City885,Street885,885,MongoFB5
fName886,lName886,909,Engineer886,Skilled886,City886,Street886,886,MongoFB6
fName887,lName887,910,Engineer887,Skilled887,City887,Street887,887,MongoFB7
fName888,lName888,911,Engineer888,Skilled888,City888,Street888,888,MongoFB8
fName889,lName889,912,Engineer889,Skilled889,City889,Street889,889,MongoFB9
fName890,lName890,913,Engineer890,Skilled890,City890,Street890,890,MongoFB10
fName891,lName891,914,Engineer891,Skilled891,City891,Street891,891,MongoFB1
fName892,lName892,915,Engineer892,Skilled892,City892,Street892,892,MongoFB2
fName893,lName893,916,Engineer893,Skilled893,City893,Street893,893,MongoFB3
fName894,lName894,917,Engineer894,Skilled894,City894,Street894,894,MongoFB4
fName895,lName895,918,Engineer895,Skilled895,City895,Street895,895,MongoFB5
fName896,lName896,919,Engineer896,Skilled896,City896,Street896,896,MongoFB6
fName897,lName897,920,Engineer897,Skilled897,City897,Street897,897,MongoFB7
fName898,lName898,921,Engineer898,Skilled898,City898,Street898,898,MongoFB8
fName899,lName899,922,Engineer899,Skilled899,City899,Street899,899,MongoFB9
fName900,lName900,923,Engineer900,Skilled900,City900,Street900,900,MongoFB10
fName901,lName901,924,Engineer901,Skilled901,City901,Street901,901,MongoFB1
fName902,lName902,925,Engineer902,Skilled902,City902,Street902,902,MongoFB2
fName903,lName903,926,Engineer903,Skilled903,City903,Street903,903,MongoFB3
fName904,lName904,927,Engineer904,Skilled904,City904,Street904,904,MongoFB4
fName905,lName905,928,Engineer905,Skilled905,City905,Street905,905,MongoFB5
fName906,lName906,929,Engineer906,Skilled906,City906,Street906,906,MongoFB6
fName907,lName907,930,Engineer907,Skilled907,City907,Street907,907,MongoFB7
fName908,lName908,931,Engineer908,Skilled908,City908,Street908,908,MongoFB8
fName909,lName909,932,Engineer909,Skilled909,City909,Street909,909,MongoFB9
fName910,lName910,933,Engineer910,Skilled910,City910,Street910,910,MongoFB10
fName911,lName911,934,Engineer911,Skilled911,City911,Street911,911,MongoFB1
fName912,lName912,935,Engineer912,Skilled912,City912,Street912,912,MongoFB2
fName913,lName913,936,Engineer913,Skilled913,City913,Street913,913,MongoFB3
fName914,lName914,937,Engineer914,Skilled914,City914,Street914,914,MongoFB4
fName915,lName915,938,Engineer915,Skilled915,City915,Street915,915,MongoFB5
fName916,lName916,939,Engineer916,Skilled916,City916,Street916,916,MongoFB6
fName917,lName917,940,Engineer917,Skilled917,City917,Street917,917,MongoFB7
fName918,lName918,941,Engineer918,Skilled918,City918,Street918,918,MongoFB8
fName919,lName919,942,Engineer919,Skilled919,City919,Street919,919,MongoFB9
fName920,lName920,943,Engineer920,Skilled920,City920,Street920,920,MongoFB10
fName921,lName921,944,Engineer921,Skilled921,City921,Street921,921,MongoFB1
fName922,lName922,945,Engineer922,Skilled922,City922,Street922,922,MongoFB2
fName923,lName923,946,Engineer923,Skilled923,City923,Street923,923,MongoFB3
fName924,lName924,947,Engineer924,Skilled924,City924,Street924,924,MongoFB4
fName925,lName925,948,Engineer925,Skilled925,City925,Street925,925,MongoFB5
fName926,lName926,949,Engineer926,Skilled926,City926,Street926,926,MongoFB6
fName927,lName927,950,Engineer927,Skilled927,City927,Street927,927,MongoFB7
fName928,lName928,951,Engineer928,Skilled928,City928,Street928,928,MongoFB8
fName929,lName929,952,Engineer929,Skilled929,City929,Street929,929,MongoFB9
fName930,lName930,953,Engineer930,Skilled930,City930,Street930,930,MongoFB10
fName931,lName931,954,Engineer931,Skilled931,City931,Street931,931,MongoFB1
fName932,lName932,955,Engineer932,Skilled932,City932,Street932,932,MongoFB2
fName933,lName933,956,Engineer933,Skilled933,City933,Street933,933,MongoFB3
fName934,lName934,957,Engineer934,Skilled934,City934,Street934,934,MongoFB4
fName935,lName935,958,Engineer935,Skilled935,City935,Street935,935,MongoFB5
fName936,lName936,959,Engineer936,Skilled936,City936,Street936,936,MongoFB6
fName937,lName937,960,Engineer937,Skilled937,City937,Street937,937,MongoFB7
fName938,lName938,961,Engineer938,Skilled938,City938,Street938,938,MongoFB8
fName939,lName939,962,Engineer939,Skilled939,City939,Street939,939,MongoFB9
fName940,lName940,963,Engineer940,Skilled940,City940,Street940,940,MongoFB10
fName941,lName941,964,Engineer941,Skilled941,City941,Street941,941,MongoFB1
fName942,lName942,965,Engineer942,Skilled942,City942,Street942,942,MongoFB2
fName943,lName943,966,Engineer943,Skilled943,City943,Street943,943,MongoFB3
fName944,lName944,967,Engineer944,Skilled944,City944,Street944,944,MongoFB4
fName945,lName945,968,Engineer945,Skilled945,City945,Street945,945,MongoFB5
fName946,lName946,969,Engineer946,Skilled946,City946,Street946,946,MongoFB6
fName947,lName947,970,Engineer947,Skilled947,City947,Street947,947,MongoFB7
fName948,lName948,971,Engineer948,Skilled948,City948,Street948,948,MongoFB8
fName949,lName949,972,Engineer949,Skilled949,City949,Street949,949,MongoFB9
fName950,lName950,973,Engineer950,Skilled950,City950,Street950,950,MongoFB10
fName951,lName951,974,Engineer951,Skilled951,City951,Street951,951,MongoFB1
fName952,lName952,975,Engineer952,Skilled952,City952,Street952,952,MongoFB2
fName953,lName953,976,Engineer953,Skilled953,City953,Street953,953,MongoFB3
fName954,lName954,977,Engineer954,Skilled954,City954,Street954,954,MongoFB4
fName955,lName955,978,Engineer955,Skilled955,City955,Street955,955,MongoFB5
fName956,lName956,979,Engineer956,Skilled956,City956,Street956,956,MongoFB6
fName957,lName957,980,Engineer957,Skilled957,City957,Street957,957,MongoFB7
fName958,lName958,981,Engineer958,Skilled958,City958,Street958,958,MongoFB8
fName959,lName959,982,Engineer959,Skilled959,City959,Street959,959,MongoFB9
fName960,lName960,983,Engineer960,Skilled960,City960,Street960,960,MongoFB10
fName961,lName961,984,Engineer961,Skilled961,City961,Street961,961,MongoFB1
fName962,lName962,985,Engineer962,Skilled962,City962,Street962,962,MongoFB2
fName963,lName963,986,Engineer963,Skilled963,City963,Street963,963,MongoFB3
fName964,lName964,987,Engineer964,Skilled964,City964,Street964,964,MongoFB4
fName965,lName965,988,Engineer965,Skilled965,City965,Street965,965,MongoFB5
fName966,lName966,989,Engineer966,Skilled966,City966,Street966,966,MongoFB6
fName967,lName967,990,Engineer967,Skilled967,City967,Street967,967,MongoFB7
fName968,lName968,991,Engineer968,Skilled968,City968,Street968,968,MongoFB8
fName969,lName969,992,Engineer969,Skilled969,City969,Street969,969,MongoFB9
fName970,lName970,993,Engineer970,Skilled970,City970,Street970,970,MongoFB10
fName971,lName971,994,Engineer971,Skilled971,City971,Street971,971,MongoFB1
fName972,lName972,995,Engineer972,Skilled972,City972,Street972,972,MongoFB2
fName973,lName973,996,Engineer973,Skilled973,City973,Street973,973,MongoFB3
fName974,lName974,997,Engineer974,Skilled974,City974,Street974,974,MongoFB4
fName975,lName975,998,Engineer975,Skilled975,City975,Street975,975,MongoFB5
fName976,lName976,999,Engineer976,Skilled976,City976,Street976,976,MongoFB6
fName977,lName977,1000,Engineer977,Skilled977,City977,Street977,977,MongoFB7
fName978,lName978,1001,Engineer978,Skilled978,City978,Street978,978,MongoFB8
fName979,lName979,1002,Engineer979,Skilled979,City979,Street979,979,MongoFB9
fName980,lName980,1003,Engineer980,Skilled980,City980,Street980,980,MongoFB10
fName981,lName981,1004,Engineer981,Skilled981,City981,Street981,981,MongoFB1
fName982,lName982,1005,Engineer982,Skilled982,City982,Street982,982,MongoFB2
fName983,lName983,1006,Engineer983,Skilled983,City983,Street983,983,MongoFB3
fName984,lName984,1007,Engineer984,Skilled984,City984,Street984,984,MongoFB4
fName985,lName985,1008,Engineer985,Skilled985,City985,Street985,985,MongoFB5
fName986,lName986,1009,Engineer986,Skilled986,City986,Street986,986,MongoFB6
fName987,lName987,1010,Engineer987,Skilled987,City987,Street987,987,MongoFB7
fName988,lName988,1011,Engineer988,Skilled988,City988,Street988,988,MongoFB8
fName989,lName989,1012,Engineer989,Skilled989,City989,Street989,989,MongoFB9
fName990,lName990,1013,Engineer990,Skilled990,City990,Street990,990,MongoFB10
fName991,lName991,1014,Engineer991,Skilled991,City991,Street991,991,MongoFB1
fName992,lName992,1015,Engineer992,Skilled992,City992,Street992,992,MongoFB2
fName993,lName993,1016,Engineer993,Skilled993,City993,Street993,993,MongoFB3
fName994,lName994,1017,Engineer994,Skilled994,City994,Street994,994,MongoFB4
fName995,lName995,1018,Engineer995,Skilled995,City995,Street995,995,MongoFB5
fName996,lName996,1019,Engineer996,Skilled996,City996,Street996,996,MongoFB6
fName997,lName997,1020,Engineer997,Skilled997,City997,Street997,997,MongoFB7
fName998,lName998,1021,Engineer998,Skilled998,City998,Street998,998,MongoFB8
fName999,lName999,1022,Engineer999,Skilled999,City999,Street999,999,MongoFB9
fName1000,lName1000,1023,Engineer1000,Skilled1000,City1000,Street1000,1000,MongoFB10
fName1001,lName1001,1024,Engineer1001,Skilled1001,City1001,Street1001,1001,MongoFB1
fName1002,lName1002,1025,Engineer1002,Skilled1002,City1002,Street1002,1002,MongoFB2
fName1003,lName1003,1026,Engineer1003,Skilled1003,City1003,Street1003,1003,MongoFB3
fName1004,lName1004,1027,Engineer1004,Skilled1004,City1004,Street1004,1004,MongoFB4
fName1005,lName1005,1028,Engineer1005,Skilled1005,City1005,Street1005,1005,MongoFB5
fName1006,lName1006,1029,Engineer1006,Skilled1006,City1006,Street1006,1006,MongoFB6
fName1007,lName1007,1030,Engineer1007,Skilled1007,City1007,Street1007,1007,MongoFB7
fName1008,lName1008,1031,Engineer1008,Skilled1008,City1008,Street1008,1008,MongoFB8
fName1009,lName1009,1032,Engineer1009,Skilled1009,City1009,Street1009,1009,MongoFB9
fName1010,lName1010,1033,Engineer1010,Skilled1010,City1010,Street1010,1010,MongoFB10
fName1011,lName1011,1034,Engineer1011,Skilled1011,City1011,Street1011,1011,MongoFB1
fName1012,lName1012,1035,Engineer1012,Skilled1012,City1012,Street1012,1012,MongoFB2
fName1013,lName1013,1036,Engineer1013,Skilled1013,City1013,Street1013,1013,MongoFB3
fName1014,lName1014,1037,Engineer1014,Skilled1014,City1014,Street1014,1014,MongoFB4
fName1015,lName1015,1038,Engineer1015,Skilled1015,City1015,Street1015,1015,MongoFB5
fName1016,lName1016,1039,Engineer1016,Skilled1016,City1016,Street1016,1016,MongoFB6
fName1017,lName1017,1040,Engineer1017,Skilled1017,City1017,Street1017,1017,MongoFB7
fName1018,lName1018,1041,Engineer1018,Skilled1018,City1018,Street1018,1018,MongoFB8
fName1019,lName1019,1042,Engineer1019,Skilled1019,City1019,Street1019,1019,MongoFB9
fName1020,lName1020,1043,Engineer1020,Skilled1020,City1020,Street1020,1020,MongoFB10
fName1021,lName1021,1044,Engineer1021,Skilled1021,City1021,Street1021,1021,MongoFB1
fName1022,lName1022,1045,Engineer1022,Skilled1022,City1022,Street1022,1022,MongoFB2
fName1023,lName1023,1046,Engineer1023,Skilled1023,City1023,Street1023,1023,MongoFB3
fName1024,lName1024,1047,Engineer1024,Skilled1024,City1024,Street1024,1024,MongoFB4
fName1025,lName1025,1048,Engineer1025,Skilled1025,City1025,Street1025,1025,MongoFB5
fName1026,lName1026,1049,Engineer1026,Skilled1026,City1026,Street1026,1026,MongoFB6
fName1027,lName1027,1050,Engineer1027,Skilled1027,City1027,Street1027,1027,MongoFB7
fName1028,lName1028,1051,Engineer1028,Skilled1028,City1028,Street1028,1028,MongoFB8
fName1029,lName1029,1052,Engineer1029,Skilled1029,City1029,Street1029,1029,MongoFB9
fName1030,lName1030,1053,Engineer1030,Skilled1030,City1030,Street1030,1030,MongoFB10
fName1031,lName1031,1054,Engineer1031,Skilled1031,City1031,Street1031,1031,MongoFB1
fName1032,lName1032,1055,Engineer1032,Skilled1032,City1032,Street1032,1032,MongoFB2
fName1033,lName1033,1056,Engineer1033,Skilled1033,City1033,Street1033,1033,MongoFB3
fName1034,lName1034,1057,Engineer1034,Skilled1034,City1034,Street1034,1034,MongoFB4
fName1035,lName1035,1058,Engineer1035,Skilled1035,City1035,Street1035,1035,MongoFB5
fName1036,lName1036,1059,Engineer1036,Skilled1036,City1036,Street1036,1036,MongoFB6
fName1037,lName1037,1060,Engineer1037,Skilled1037,City1037,Street1037,1037,MongoFB7
fName1038,lName1038,1061,Engineer1038,Skilled1038,City1038,Street1038,1038,MongoFB8
fName1039,lName1039,1062,Engineer1039,Skilled1039,City1039,Street1039,1039,MongoFB9
fName1040,lName1040,1063,Engineer1040,Skilled1040,City1040,Street1040,1040,MongoFB10
fName1041,lName1041,1064,Engineer1041,Skilled1041,City1041,Street1041,1041,MongoFB1
fName1042,lName1042,1065,Engineer1042,Skilled1042,City1042,Street1042,1042,MongoFB2
fName1043,lName1043,1066,Engineer1043,Skilled1043,City1043,Street1043,1043,MongoFB3
fName1044,lName1044,1067,Engineer1044,Skilled1044,City1044,Street1044,1044,MongoFB4
fName1045,lName1045,1068,Engineer1045,Skilled1045,City1045,Street1045,1045,MongoFB5
fName1046,lName1046,1069,Engineer1046,Skilled1046,City1046,Street1046,1046,MongoFB6
fName1047,lName1047,1070,Engineer1047,Skilled1047,City1047,Street1047,1047,MongoFB7
fName1048,lName1048,1071,Engineer1048,Skilled1048,City1048,Street1048,1048,MongoFB8
fName1049,lName1049,1072,Engineer1049,Skilled1049,City1049,Street1049,1049,MongoFB9
fName1050,lName1050,1073,Engineer1050,Skilled1050,City1050,Street1050,1050,MongoFB10
fName1051,lName1051,1074,Engineer1051,Skilled1051,City1051,Street1051,1051,MongoFB1
fName1052,lName1052,1075,Engineer1052,Skilled1052,City1052,Street1052,1052,MongoFB2
fName1053,lName1053,1076,Engineer1053,Skilled1053,City1053,Street1053,1053,MongoFB3
fName1054,lName1054,1077,Engineer1054,Skilled1054,City1054,Street1054,1054,MongoFB4
fName1055,lName1055,1078,Engineer1055,Skilled1055,City1055,Street1055,1055,MongoFB5
fName1056,lName1056,1079,Engineer1056,Skilled1056,City1056,Street1056,1056,MongoFB6
fName1057,lName1057,1080,Engineer1057,Skilled1057,City1057,Street1057,1057,MongoFB7
fName1058,lName1058,1081,Engineer1058,Skilled1058,City1058,Street1058,1058,MongoFB8
fName1059,lName1059,1082,Engineer1059,Skilled1059,City1059,Street1059,1059,MongoFB9
fName1060,lName1060,1083,Engineer1060,Skilled1060,City1060,Street1060,1060,MongoFB10
fName1061,lName1061,1084,Engineer1061,Skilled1061,City1061,Street1061,1061,MongoFB1
fName1062,lName1062,1085,Engineer1062,Skilled1062,City1062,Street1062,1062,MongoFB2
fName1063,lName1063,1086,Engineer1063,Skilled1063,City1063,Street1063,1063,MongoFB3
fName1064,lName1064,1087,Engineer1064,Skilled1064,City1064,Street1064,1064,MongoFB4
fName1065,lName1065,1088,Engineer1065,Skilled1065,City1065,Street1065,1065,MongoFB5
fName1066,lName1066,1089,Engineer1066,Skilled1066,City1066,Street1066,1066,MongoFB6
fName1067,lName1067,1090,Engineer1067,Skilled1067,City1067,Street1067,1067,MongoFB7
fName1068,lName1068,1091,Engineer1068,Skilled1068,City1068,Street1068,1068,MongoFB8
fName1069,lName1069,1092,Engineer1069,Skilled1069,City1069,Street1069,1069,MongoFB9
fName1070,lName1070,1093,Engineer1070,Skilled1070,City1070,Street1070,1070,MongoFB10
fName1071,lName1071,1094,Engineer1071,Skilled1071,City1071,Street1071,1071,MongoFB1
fName1072,lName1072,1095,Engineer1072,Skilled1072,City1072,Street1072,1072,MongoFB2
fName1073,lName1073,1096,Engineer1073,Skilled1073,City1073,Street1073,1073,MongoFB3
fName1074,lName1074,1097,Engineer1074,Skilled1074,City1074,Street1074,1074,MongoFB4
fName1075,lName1075,1098,Engineer1075,Skilled1075,City1075,Street1075,1075,MongoFB5
fName1076,lName1076,1099,Engineer1076,Skilled1076,City1076,Street1076,1076,MongoFB6
fName1077,lName1077,1100,Engineer1077,Skilled1077,City1077,Street1077,1077,MongoFB7
fName1078,lName1078,1101,Engineer1078,Skilled1078,City1078,Street1078,1078,MongoFB8
fName1079,lName1079,1102,Engineer1079,Skilled1079,City1079,Street1079,1079,MongoFB9
fName1080,lName1080,1103,Engineer1080,Skilled1080,City1080,Street1080,1080,MongoFB10
fName1081,lName1081,1104,Engineer1081,Skilled1081,City1081,Street1081,1081,MongoFB1
fName1082,lName1082,1105,Engineer1082,Skilled1082,City1082,Street1082,1082,MongoFB2
fName1083,lName1083,1106,Engineer1083,Skilled1083,City1083,Street1083,1083,MongoFB3
fName1084,lName1084,1107,Engineer1084,Skilled1084,City1084,Street1084,1084,MongoFB4
fName1085,lName1085,1108,Engineer1085,Skilled1085,City1085,Street1085,1085,MongoFB5
fName1086,lName1086,1109,Engineer1086,Skilled1086,City1086,Street1086,1086,MongoFB6
fName1087,lName1087,1110,Engineer1087,Skilled1087,City1087,Street1087,1087,MongoFB7
fName1088,lName1088,1111,Engineer1088,Skilled1088,City1088,Street1088,1088,MongoFB8
fName1089,lName1089,1112,Engineer1089,Skilled1089,City1089,Street1089,1089,MongoFB9
fName1090,lName1090,1113,Engineer1090,Skilled1090,City1090,Street1090,1090,MongoFB10
fName1091,lName1091,1114,Engineer1091,Skilled1091,City1091,Street1091,1091,MongoFB1
fName1092,lName1092,1115,Engineer1092,Skilled1092,City1092,Street1092,1092,MongoFB2
fName1093,lName1093,1116,Engineer1093,Skilled1093,City1093,Street1093,1093,MongoFB3
fName1094,lName1094,1117,Engineer1094,Skilled1094,City1094,Street1094,1094,MongoFB4
fName1095,lName1095,1118,Engineer1095,Skilled1095,City1095,Street1095,1095,MongoFB5
fName1096,lName1096,1119,Engineer1096,Skilled1096,City1096,Street1096,1096,MongoFB6
fName1097,lName1097,1120,Engineer1097,Skilled1097,City1097,Street1097,1097,MongoFB7
fName1098,lName1098,1121,Engineer1098,Skilled1098,City1098,Street1098,1098,MongoFB8
fName1099,lName1099,1122,Engineer1099,Skilled1099,City1099,Street1099,1099,MongoFB9
fName1100,lName1100,1123,Engineer1100,Skilled1100,City1100,Street1100,1100,MongoFB10
fName1101,lName1101,1124,Engineer1101,Skilled1101,City1101,Street1101,1101,MongoFB1
fName1102,lName1102,1125,Engineer1102,Skilled1102,City1102,Street1102,1102,MongoFB2
fName1103,lName1103,1126,Engineer1103,Skilled1103,City1103,Street1103,1103,MongoFB3
fName1104,lName1104,1127,Engineer1104,Skilled1104,City1104,Street1104,1104,MongoFB4
fName1105,lName1105,1128,Engineer1105,Skilled1105,City1105,Street1105,1105,MongoFB5
fName1106,lName1106,1129,Engineer1106,Skilled1106,City1106,Street1106,1106,MongoFB6
fName1107,lName1107,1130,Engineer1107,Skilled1107,City1107,Street1107,1107,MongoFB7
fName1108,lName1108,1131,Engineer1108,Skilled1108,City1108,Street1108,1108,MongoFB8
fName1109,lName1109,1132,Engineer1109,Skilled1109,City1109,Street1109,1109,MongoFB9
fName1110,lName1110,1133,Engineer1110,Skilled1110,City1110,Street1110,1110,MongoFB10
fName1111,lName1111,1134,Engineer1111,Skilled1111,City1111,Street1111,1111,MongoFB1
fName1112,lName1112,1135,Engineer1112,Skilled1112,City1112,Street1112,1112,MongoFB2
fName1113,lName1113,1136,Engineer1113,Skilled1113,City1113,Street1113,1113,MongoFB3
fName1114,lName1114,1137,Engineer1114,Skilled1114,City1114,Street1114,1114,MongoFB4
fName1115,lName1115,1138,Engineer1115,Skilled1115,City1115,Street1115,1115,MongoFB5
fName1116,lName1116,1139,Engineer1116,Skilled1116,City1116,Street1116,1116,MongoFB6
fName1117,lName1117,1140,Engineer1117,Skilled1117,City1117,Street1117,1117,MongoFB7
fName1118,lName1118,1141,Engineer1118,Skilled1118,City1118,Street1118,1118,MongoFB8
fName1119,lName1119,1142,Engineer1119,Skilled1119,City1119,Street1119,1119,MongoFB9
fName1120,lName1120,1143,Engineer1120,Skilled1120,City1120,Street1120,1120,MongoFB10
fName1121,lName1121,1144,Engineer1121,Skilled1121,City1121,Street1121,1121,MongoFB1
fName1122,lName1122,1145,Engineer1122,Skilled1122,City1122,Street1122,1122,MongoFB2
fName1123,lName1123,1146,Engineer1123,Skilled1123,City1123,Street1123,1123,MongoFB3
fName1124,lName1124,1147,Engineer1124,Skilled1124,City1124,Street1124,1124,MongoFB4
fName1125,lName1125,1148,Engineer1125,Skilled1125,City1125,Street1125,1125,MongoFB5
fName1126,lName1126,1149,Engineer1126,Skilled1126,City1126,Street1126,1126,MongoFB6
fName1127,lName1127,1150,Engineer1127,Skilled1127,City1127,Street1127,1127,MongoFB7
fName1128,lName1128,1151,Engineer1128,Skilled1128,City1128,Street1128,1128,MongoFB8
fName1129,lName1129,1152,Engineer1129,Skilled1129,City1129,Street1129,1129,MongoFB9
fName1130,lName1130,1153,Engineer1130,Skilled1130,City1130,Street1130,1130,MongoFB10
fName1131,lName1131,1154,Engineer1131,Skilled1131,City1131,Street1131,1131,MongoFB1
fName1132,lName1132,1155,Engineer1132,Skilled1132,City1132,Street1132,1132,MongoFB2
fName1133,lName1133,1156,Engineer1133,Skilled1133,City1133,Street1133,1133,MongoFB3
fName1134,lName1134,1157,Engineer1134,Skilled1134,City1134,Street1134,1134,MongoFB4
fName1135,lName1135,1158,Engineer1135,Skilled1135,City1135,Street1135,1135,MongoFB5
fName1136,lName1136,1159,Engineer1136,Skilled1136,City1136,Street1136,1136,MongoFB6
fName1137,lName1137,1160,Engineer1137,Skilled1137,City1137,Street1137,1137,MongoFB7
fName1138,lName1138,1161,Engineer1138,Skilled1138,City1138,Street1138,1138,MongoFB8
fName1139,lName1139,1162,Engineer1139,Skilled1139,City1139,Street1139,1139,MongoFB9
fName1140,lName1140,1163,Engineer1140,Skilled1140,City1140,Street1140,1140,MongoFB10
fName1141,lName1141,1164,Engineer1141,Skilled1141,City1141,Street1141,1141,MongoFB1
fName1142,lName1142,1165,Engineer1142,Skilled1142,City1142,Street1142,1142,MongoFB2
fName1143,lName1143,1166,Engineer1143,Skilled1143,City1143,Street1143,1143,MongoFB3
fName1144,lName1144,1167,Engineer1144,Skilled1144,City1144,Street1144,1144,MongoFB4
fName1145,lName1145,1168,Engineer1145,Skilled1145,City1145,Street1145,1145,MongoFB5
fName1146,lName1146,1169,Engineer1146,Skilled1146,City1146,Street1146,1146,MongoFB6
fName1147,lName1147,1170,Engineer1147,Skilled1147,City1147,Street1147,1147,MongoFB7
fName1148,lName1148,1171,Engineer1148,Skilled1148,City1148,Street1148,1148,MongoFB8
fName1149,lName1149,1172,Engineer1149,Skilled1149,City1149,Street1149,1149,MongoFB9
fName1150,lName1150,1173,Engineer1150,Skilled1150,City1150,Street1150,1150,MongoFB10
fName1151,lName1151,1174,Engineer1151,Skilled1151,City1151,Street1151,1151,MongoFB1
fName1152,lName1152,1175,Engineer1152,Skilled1152,City1152,Street1152,1152,MongoFB2
fName1153,lName1153,1176,Engineer1153,Skilled1153,City1153,Street1153,1153,MongoFB3
fName1154,lName1154,1177,Engineer1154,Skilled1154,City1154,Street1154,1154,MongoFB4
fName1155,lName1155,1178,Engineer1155,Skilled1155,City1155,Street1155,1155,MongoFB5
fName1156,lName1156,1179,Engineer1156,Skilled1156,City1156,Street1156,1156,MongoFB6
fName1157,lName1157,1180,Engineer1157,Skilled1157,City1157,Street1157,1157,MongoFB7
fName1158,lName1158,1181,Engineer1158,Skilled1158,City1158,Street1158,1158,MongoFB8
fName1159,lName1159,1182,Engineer1159,Skilled1159,City1159,Street1159,1159,MongoFB9
fName1160,lName1160,1183,Engineer1160,Skilled1160,City1160,Street1160,1160,MongoFB10
fName1161,lName1161,1184,Engineer1161,Skilled1161,City1161,Street1161,1161,MongoFB1
fName1162,lName1162,1185,Engineer1162,Skilled1162,City1162,Street1162,1162,MongoFB2
fName1163,lName1163,1186,Engineer1163,Skilled1163,City1163,Street1163,1163,MongoFB3
fName1164,lName1164,1187,Engineer1164,Skilled1164,City1164,Street1164,1164,MongoFB4
fName1165,lName1165,1188,Engineer1165,Skilled1165,City1165,Street1165,1165,MongoFB5
fName1166,lName1166,1189,Engineer1166,Skilled1166,City1166,Street1166,1166,MongoFB6
fName1167,lName1167,1190,Engineer1167,Skilled1167,City1167,Street1167,1167,MongoFB7
fName1168,lName1168,1191,Engineer1168,Skilled1168,City1168,Street1168,1168,MongoFB8
fName1169,lName1169,1192,Engineer1169,Skilled1169,City1169,Street1169,1169,MongoFB9
fName1170,lName1170,1193,Engineer1170,Skilled1170,City1170,Street1170,1170,MongoFB10
fName1171,lName1171,1194,Engineer1171,Skilled1171,City1171,Street1171,1171,MongoFB1
fName1172,lName1172,1195,Engineer1172,Skilled1172,City1172,Street1172,1172,MongoFB2
fName1173,lName1173,1196,Engineer1173,Skilled1173,City1173,Street1173,1173,MongoFB3
fName1174,lName1174,1197,Engineer1174,Skilled1174,City1174,Street1174,1174,MongoFB4
fName1175,lName1175,1198,Engineer1175,Skilled1175,City1175,Street1175,1175,MongoFB5
fName1176,lName1176,1199,Engineer1176,Skilled1176,City1176,Street1176,1176,MongoFB6
fName1177,lName1177,1200,Engineer1177,Skilled1177,City1177,Street1177,1177,MongoFB7
fName1178,lName1178,1201,Engineer1178,Skilled1178,City1178,Street1178,1178,MongoFB8
fName1179,lName1179,1202,Engineer1179,Skilled1179,City1179,Street1179,1179,MongoFB9
fName1180,lName1180,1203,Engineer1180,Skilled1180,City1180,Street1180,1180,MongoFB10
fName1181,lName1181,1204,Engineer1181,Skilled1181,City1181,Street1181,1181,MongoFB1
fName1182,lName1182,1205,Engineer1182,Skilled1182,City1182,Street1182,1182,MongoFB2
fName1183,lName1183,1206,Engineer1183,Skilled1183,City1183,Street1183,1183,MongoFB3
fName1184,lName1184,1207,Engineer1184,Skilled1184,City1184,Street1184,1184,MongoFB4
fName1185,lName1185,1208,Engineer1185,Skilled1185,City1185,Street1185,1185,MongoFB5
fName1186,lName1186,1209,Engineer1186,Skilled1186,City1186,Street1186,1186,MongoFB6
fName1187,lName1187,1210,Engineer1187,Skilled1187,City1187,Street1187,1187,MongoFB7
fName1188,lName1188,1211,Engineer1188,Skilled1188,City1188,Street1188,1188,MongoFB8
fName1189,lName1189,1212,Engineer1189,Skilled1189,City1189,Street1189,1189,MongoFB9
fName1190,lName1190,1213,Engineer1190,Skilled1190,City1190,Street1190,1190,MongoFB10
fName1191,lName1191,1214,Engineer1191,Skilled1191,City1191,Street1191,1191,MongoFB1
fName1192,lName1192,1215,Engineer1192,Skilled1192,City1192,Street1192,1192,MongoFB2
fName1193,lName1193,1216,Engineer1193,Skilled1193,City1193,Street1193,1193,MongoFB3
fName1194,lName1194,1217,Engineer1194,Skilled1194,City1194,Street1194,1194,MongoFB4
fName1195,lName1195,1218,Engineer1195,Skilled1195,City1195,Street1195,1195,MongoFB5
fName1196,lName1196,1219,Engineer1196,Skilled1196,City1196,Street1196,1196,MongoFB6
fName1197,lName1197,1220,Engineer1197,Skilled1197,City1197,Street1197,1197,MongoFB7
fName1198,lName1198,1221,Engineer1198,Skilled1198,City1198,Street1198,1198,MongoFB8
fName1199,lName1199,1222,Engineer1199,Skilled1199,City1199,Street1199,1199,MongoFB9
fName1200,lName1200,1223,Engineer1200,Skilled1200,City1200,Street1200,1200,MongoFB10